x,Full,Full stdev,Condensed,Condensed stdev
1.0,0.0,0.0,0.3785,0.10585296405864128
2.0,0.0,0.0,0.4721000000000001,0.055884613266980736
3.0,0.0,0.0,0.4748,0.05541443855169878
4.0,0.0,0.0,0.4875999999999999,0.0404677649494014
5.0,0.0,0.0,0.4882,0.040563037361617794
6.0,0.0,0.0,0.5055,0.02220022522408276
7.0,0.0,0.0,0.5057,0.02221283412804409
8.0,0.0,0.0,0.5126,0.01972409693750263
9.0,0.0,0.0,0.5126999999999999,0.01980429246400893
10.0,0.0,0.0,0.5180999999999999,0.01767738668468845
11.0,0.0,0.0,0.5181999999999999,0.017611359970201062
12.0,0.0,0.0,0.5183,0.01770338950596751
110.0,0.0,0.0,0.5192,0.018203296404772414
111.0,0.0,0.0,0.524,0.013892443989449818
112.0,0.0,0.0,0.5241,0.01382353066332912
113.0,0.0,0.0,0.5250999999999999,0.013486660075793423
115.0,0.0,0.0,0.5251999999999999,0.013466996695625951
119.0,0.0,0.0,0.5287,0.012814444974324884
210.0,0.0,0.0,0.5292,0.013105723940324714
213.0,0.0,0.0,0.5293000000000001,0.01320643782403114
215.0,0.0,0.0,0.5321000000000001,0.011648605066702204
218.0,0.0,0.0,0.5335000000000001,0.011715374513859992
219.0,0.0,0.0,0.5343000000000001,0.010574024777727741
307.0,0.0,0.0,0.5363000000000001,0.0065276335681470395
311.0,0.0,0.0,0.5364000000000001,0.006406246951218793
314.0,0.0,0.0,0.5365,0.0064845971347493965
325.0,0.0,0.0,0.5368,0.006384355879804953
326.0,0.0,0.0,0.5370000000000001,0.006542170893518456
417.0,0.0,0.0,0.539,0.006841052550594835
421.0,0.0,0.0,0.5401,0.007300000000000006
429.0,0.0,0.0,0.5402000000000001,0.0072498275841567485
436.0,0.0,0.0,0.5408000000000001,0.00769155380921177
630.0,0.0,0.0,0.5421,0.005048762224545739
634.0,0.0,0.0,0.5429,0.004784349485562279
640.0,0.0,0.0,0.5429999999999999,0.00489897948556636
733.0,0.0,0.0,0.5442,0.004489988864128732
735.0,0.0,0.0,0.5457,0.003579106033634659
901.0,0.0259,0.0777,0.5457,0.003579106033634659
942.0,0.0259,0.0777,0.5469,0.004109744517606907
1001.0,0.0459,0.09274313990802772,0.5469,0.004109744517606907
1101.0,0.1046,0.10617363137804038,0.5469,0.004109744517606907
1102.0,0.1106,0.11258792119938976,0.5469,0.004109744517606907
1201.0,0.1187,0.12150477356877795,0.5469,0.004109744517606907
1202.0,0.1226,0.1271441701376827,0.5469,0.004109744517606907
1203.0,0.1229,0.12755896675655534,0.5469,0.004109744517606907
1204.0,0.12810000000000002,0.13367007892568927,0.5469,0.004109744517606907
1262.0,0.12810000000000002,0.13367007892568927,0.5472,0.003994996871087639
1302.0,0.12830000000000005,0.13387311156464546,0.5472,0.003994996871087639
1303.0,0.1288,0.13441785595671432,0.5472,0.003994996871087639
1345.0,0.1288,0.13441785595671432,0.5475000000000001,0.004566180022732354
1401.0,0.15519999999999998,0.1317101362841904,0.5475000000000001,0.004566180022732354
1402.0,0.1602,0.1338363179409834,0.5475000000000001,0.004566180022732354
1403.0,0.1604,0.13406804242622475,0.5475000000000001,0.004566180022732354
1404.0,0.16060000000000002,0.13423129292381866,0.5475000000000001,0.004566180022732354
1447.0,0.16060000000000002,0.13423129292381866,0.5479999999999999,0.004427188724235735
1501.0,0.1829,0.12381797123196618,0.5479999999999999,0.004427188724235735
1502.0,0.1878,0.12635093984612855,0.5479999999999999,0.004427188724235735
1503.0,0.1887,0.12695987555129376,0.5479999999999999,0.004427188724235735
1504.0,0.19080000000000005,0.12926468968747806,0.5479999999999999,0.004427188724235735
1505.0,0.1916,0.1295354777657457,0.5479999999999999,0.004427188724235735
1506.0,0.1917,0.1295986496843235,0.5479999999999999,0.004427188724235735
1601.0,0.1918,0.1296416599708597,0.5479999999999999,0.004427188724235735
1602.0,0.1941,0.1306732183731617,0.5479999999999999,0.004427188724235735
1603.0,0.1988,0.1340147753048148,0.5479999999999999,0.004427188724235735
1604.0,0.1989,0.1340473423832043,0.5479999999999999,0.004427188724235735
1605.0,0.2001,0.13448973938557546,0.5479999999999999,0.004427188724235735
1606.0,0.2002,0.1345487272329248,0.5479999999999999,0.004427188724235735
1607.0,0.20260000000000009,0.1368518907432411,0.5479999999999999,0.004427188724235735
1608.0,0.2044,0.13853172921753346,0.5479999999999999,0.004427188724235735
1657.0,0.2044,0.13853172921753346,0.5488000000000001,0.0033105890714493725
1701.0,0.2245,0.1208728670959699,0.5488000000000001,0.0033105890714493725
1702.0,0.2328000000000001,0.12384732536474093,0.5488000000000001,0.0033105890714493725
1703.0,0.2384,0.1269977952564532,0.5488000000000001,0.0033105890714493725
1704.0,0.2386,0.12709224996041266,0.5488000000000001,0.0033105890714493725
1705.0,0.2397,0.12795159240900444,0.5488000000000001,0.0033105890714493725
1706.0,0.24,0.12801874862691012,0.5488000000000001,0.0033105890714493725
1707.0,0.2401000000000001,0.12810499599937544,0.5488000000000001,0.0033105890714493725
1709.0,0.24100000000000002,0.12893796958227627,0.5488000000000001,0.0033105890714493725
1759.0,0.24100000000000002,0.12893796958227627,0.5489,0.003330165161069345
1801.0,0.242,0.12889996121023467,0.5489,0.003330165161069345
1803.0,0.2421,0.12895615533971228,0.5489,0.003330165161069345
1804.0,0.2423,0.12914646723778395,0.5489,0.003330165161069345
1805.0,0.2424,0.12916206873536826,0.5489,0.003330165161069345
1807.0,0.2453,0.12996311015053466,0.5489,0.003330165161069345
1808.0,0.2458,0.1303608837036632,0.5489,0.003330165161069345
1851.0,0.2458,0.1303608837036632,0.5489999999999999,0.003346640106136305
1901.0,0.2717,0.0901421654942902,0.5489999999999999,0.003346640106136305
1902.0,0.2828,0.07981328210266757,0.5489999999999999,0.003346640106136305
1903.0,0.2866,0.07696778546898696,0.5489999999999999,0.003346640106136305
1904.0,0.2868,0.07706724336577765,0.5489999999999999,0.003346640106136305
1905.0,0.2885,0.07687034538754199,0.5489999999999999,0.003346640106136305
1906.0,0.28989999999999994,0.0778273088317976,0.5489999999999999,0.003346640106136305
1907.0,0.29029999999999995,0.07822665786034834,0.5489999999999999,0.003346640106136305
1909.0,0.2907,0.07846406820959513,0.5489999999999999,0.003346640106136305
1913.0,0.29079999999999995,0.07855927698241627,0.5489999999999999,0.003346640106136305
2002.0,0.2909,0.07855628555373527,0.5489999999999999,0.003346640106136305
2003.0,0.29100000000000004,0.07855062062135472,0.5489999999999999,0.003346640106136305
2004.0,0.29389999999999994,0.07895752022448528,0.5489999999999999,0.003346640106136305
2007.0,0.2963,0.07944312430915591,0.5489999999999999,0.003346640106136305
2008.0,0.29660000000000003,0.07960929593960746,0.5489999999999999,0.003346640106136305
2009.0,0.29690000000000005,0.07990175217102563,0.5489999999999999,0.003346640106136305
2010.0,0.2975,0.08034581507458867,0.5489999999999999,0.003346640106136305
2016.0,0.2976,0.08043655885230297,0.5489999999999999,0.003346640106136305
2101.0,0.3083,0.053942654736303074,0.5489999999999999,0.003346640106136305
2102.0,0.3102,0.05205151294631117,0.5489999999999999,0.003346640106136305
2103.0,0.31249999999999994,0.05141643706053542,0.5489999999999999,0.003346640106136305
2105.0,0.3137,0.05153843226175977,0.5489999999999999,0.003346640106136305
2106.0,0.31509999999999994,0.0521448942850592,0.5489999999999999,0.003346640106136305
2108.0,0.31909999999999994,0.053755836892378485,0.5489999999999999,0.003346640106136305
2110.0,0.31919999999999993,0.05380111523007678,0.5489999999999999,0.003346640106136305
2113.0,0.3207999999999999,0.055671895961966304,0.5489999999999999,0.003346640106136305
2173.0,0.3207999999999999,0.055671895961966304,0.5495,0.0035284557528754727
2202.0,0.3223,0.05735337827887736,0.5495,0.0035284557528754727
2203.0,0.3244,0.05760416651597348,0.5495,0.0035284557528754727
2205.0,0.3267,0.05786890356659611,0.5495,0.0035284557528754727
2206.0,0.3272,0.05812022023358136,0.5495,0.0035284557528754727
2207.0,0.32730000000000004,0.05814989251924719,0.5495,0.0035284557528754727
2211.0,0.3274,0.05824122251464164,0.5495,0.0035284557528754727
2213.0,0.3284,0.058602389029799785,0.5495,0.0035284557528754727
2270.0,0.3284,0.058602389029799785,0.5497,0.003551056180912944
2302.0,0.3316,0.060574251955760876,0.5497,0.003551056180912944
2303.0,0.3317,0.06033746762998925,0.5497,0.003551056180912944
2304.0,0.3319000000000001,0.0603397878683709,0.5497,0.003551056180912944
2306.0,0.3350000000000001,0.06148658390250674,0.5497,0.003551056180912944
2307.0,0.33530000000000004,0.061512681619321385,0.5497,0.003551056180912944
2308.0,0.336,0.0617608290099801,0.5497,0.003551056180912944
2312.0,0.33670000000000005,0.062079062492921076,0.5497,0.003551056180912944
2383.0,0.33670000000000005,0.062079062492921076,0.5498000000000001,0.003572114219898354
2402.0,0.3448,0.045294149732608965,0.5498000000000001,0.003572114219898354
2405.0,0.345,0.045356366697521085,0.5498000000000001,0.003572114219898354
2407.0,0.3519,0.042070060613219946,0.5498000000000001,0.003572114219898354
2408.0,0.3567,0.04444108459522562,0.5498000000000001,0.003572114219898354
2410.0,0.35810000000000003,0.0461593977430382,0.5498000000000001,0.003572114219898354
2503.0,0.3582,0.046064737055582984,0.5498000000000001,0.003572114219898354
2505.0,0.35839999999999994,0.04592864030210343,0.5498000000000001,0.003572114219898354
2506.0,0.3597,0.04478627021755662,0.5498000000000001,0.003572114219898354
2508.0,0.36,0.04478169268797239,0.5498000000000001,0.003572114219898354
2509.0,0.3602,0.044774546340526994,0.5498000000000001,0.003572114219898354
2510.0,0.3612,0.045512196167620825,0.5498000000000001,0.003572114219898354
2511.0,0.3622,0.04638922288635583,0.5498000000000001,0.003572114219898354
2604.0,0.3625,0.045980974326345014,0.5498000000000001,0.003572114219898354
2607.0,0.3633000000000001,0.045989237871484664,0.5498000000000001,0.003572114219898354
2609.0,0.3669,0.04465971338913853,0.5498000000000001,0.003572114219898354
2610.0,0.3672,0.04502399360341105,0.5498000000000001,0.003572114219898354
2612.0,0.3678,0.045796943129427316,0.5498000000000001,0.003572114219898354
2613.0,0.3679,0.04586600047965813,0.5498000000000001,0.003572114219898354
2614.0,0.3704,0.04693442233585069,0.5498000000000001,0.003572114219898354
2615.0,0.3715000000000001,0.04720434302053149,0.5498000000000001,0.003572114219898354
2703.0,0.3731,0.04500766601369149,0.5498000000000001,0.003572114219898354
2704.0,0.3732,0.0448838501022361,0.5498000000000001,0.003572114219898354
2706.0,0.3739,0.04329538081597158,0.5498000000000001,0.003572114219898354
2708.0,0.374,0.043259680997436864,0.5498000000000001,0.003572114219898354
2709.0,0.3754000000000001,0.04297720325940253,0.5498000000000001,0.003572114219898354
2713.0,0.3772,0.04460896770829829,0.5498000000000001,0.003572114219898354
2715.0,0.3786000000000001,0.046299460040047986,0.5498000000000001,0.003572114219898354
2776.0,0.3786000000000001,0.046299460040047986,0.5499,0.0036180105030251116
2802.0,0.3799,0.046306479028317415,0.5499,0.0036180105030251116
2803.0,0.38,0.04632062175748508,0.5499,0.0036180105030251116
2805.0,0.3801000000000001,0.04618755243569418,0.5499,0.0036180105030251116
2807.0,0.3813,0.04684026046042016,0.5499,0.0036180105030251116
2808.0,0.3814,0.04661802226607216,0.5499,0.0036180105030251116
2811.0,0.3838,0.0481576577503516,0.5499,0.0036180105030251116
2813.0,0.3842,0.04825101035211594,0.5499,0.0036180105030251116
2814.0,0.3858,0.048647302083466036,0.5499,0.0036180105030251116
2903.0,0.3875,0.04501166515471295,0.5499,0.0036180105030251116
2904.0,0.3877,0.044859893000318216,0.5499,0.0036180105030251116
2905.0,0.3883,0.04398192810689409,0.5499,0.0036180105030251116
2907.0,0.39,0.04446571713129116,0.5499,0.0036180105030251116
2908.0,0.3949,0.04485186729669122,0.5499,0.0036180105030251116
2909.0,0.3965,0.045464821565689664,0.5499,0.0036180105030251116
2910.0,0.3966,0.04551966607961882,0.5499,0.0036180105030251116
2912.0,0.3967,0.04558738860693821,0.5499,0.0036180105030251116
2915.0,0.397,0.04580174669158371,0.5499,0.0036180105030251116
3002.0,0.397,0.04580174669158371,0.5501,0.0036728735344413945
3004.0,0.3976,0.04448190643396481,0.5501,0.0036728735344413945
3005.0,0.4006,0.041425113156152035,0.5501,0.0036728735344413945
3010.0,0.4008,0.041561520665153735,0.5501,0.0036728735344413945
3013.0,0.4009,0.041606369704649794,0.5501,0.0036728735344413945
3014.0,0.4015000000000001,0.041948182320572604,0.5501,0.0036728735344413945
3101.0,0.4015000000000001,0.041948182320572604,0.5503000000000001,0.0038223029707232813
3102.0,0.4026,0.0405467631260499,0.5503000000000001,0.0038223029707232813
3104.0,0.4058,0.0330508698826521,0.5504,0.003638681079732054
3107.0,0.4067,0.03315735212588605,0.5504,0.003638681079732054
3108.0,0.4068,0.032938731001664286,0.5504,0.003638681079732054
3109.0,0.4075,0.03144598543534611,0.5504,0.003638681079732054
3110.0,0.4097,0.03247167996885902,0.5504,0.003638681079732054
3112.0,0.4099,0.032601993804060515,0.5504,0.003638681079732054
3113.0,0.4104,0.032958155288183216,0.5504,0.003638681079732054
3206.0,0.4105,0.03304617980947268,0.5504,0.003638681079732054
3209.0,0.4106,0.033079298662456555,0.5504,0.003638681079732054
3210.0,0.41200000000000003,0.033030289129827486,0.5504,0.003638681079732054
3211.0,0.4136,0.033329266418569724,0.5504,0.003638681079732054
3215.0,0.4169000000000001,0.03543289432151993,0.5504,0.003638681079732054
3216.0,0.4175,0.035800139664532035,0.5504,0.003638681079732054
3219.0,0.4176,0.03586418826629149,0.5504,0.003638681079732054
3305.0,0.4186,0.03611149401506395,0.5504,0.003638681079732054
3307.0,0.4225,0.02895945441475029,0.5504,0.003638681079732054
3309.0,0.4274,0.022415173432298045,0.5504,0.003638681079732054
3310.0,0.4275000000000001,0.022415396494374133,0.5504,0.003638681079732054
3312.0,0.4282,0.02262211307548435,0.5504,0.003638681079732054
3314.0,0.4283,0.02268501708176567,0.5504,0.003638681079732054
3315.0,0.4308,0.02528556900684658,0.5504,0.003638681079732054
3317.0,0.4314,0.025636692454370943,0.5504,0.003638681079732054
3392.0,0.4314,0.025636692454370943,0.5505000000000001,0.0037215588131856814
3407.0,0.4315000000000001,0.02550784193145316,0.5505000000000001,0.0037215588131856814
3410.0,0.4324,0.025527240352219826,0.5505000000000001,0.0037215588131856814
3411.0,0.4328,0.02554916828391876,0.5505000000000001,0.0037215588131856814
3414.0,0.4343,0.02594243627726587,0.5505000000000001,0.0037215588131856814
3417.0,0.4366,0.028075612192791092,0.5505000000000001,0.0037215588131856814
3420.0,0.4377,0.028439585088393955,0.5505000000000001,0.0037215588131856814
3423.0,0.4381,0.028873690446494706,0.5505000000000001,0.0037215588131856814
3424.0,0.4384,0.02903170680480222,0.5505000000000001,0.0037215588131856814
3502.0,0.4385,0.02883140648667698,0.5505000000000001,0.0037215588131856814
3503.0,0.4402,0.02572469630530164,0.5505000000000001,0.0037215588131856814
3510.0,0.441,0.025768197453450242,0.5505000000000001,0.0037215588131856814
3522.0,0.4411000000000001,0.025889959443768925,0.5505000000000001,0.0037215588131856814
3523.0,0.4412000000000001,0.02600692215545699,0.5505000000000001,0.0037215588131856814
3525.0,0.4413,0.026061657660248698,0.5505000000000001,0.0037215588131856814
3609.0,0.4414,0.025900579144104086,0.5505000000000001,0.0037215588131856814
3610.0,0.4415,0.02581569290179908,0.5505000000000001,0.0037215588131856814
3611.0,0.4416000000000001,0.02583486016993317,0.5505000000000001,0.0037215588131856814
3613.0,0.4417000000000001,0.025842020044880384,0.5505000000000001,0.0037215588131856814
3614.0,0.4424,0.026758923745173302,0.5505000000000001,0.0037215588131856814
3615.0,0.4433000000000001,0.026717222909576503,0.5505000000000001,0.0037215588131856814
3618.0,0.4439,0.02681585351988632,0.5505000000000001,0.0037215588131856814
3621.0,0.4445,0.0274963633959111,0.5505000000000001,0.0037215588131856814
3708.0,0.4491,0.022774766738651787,0.5505000000000001,0.0037215588131856814
3712.0,0.4511999999999999,0.023798319268385312,0.5505000000000001,0.0037215588131856814
3716.0,0.4513,0.023584104816592042,0.5505000000000001,0.0037215588131856814
3718.0,0.4529,0.024047661008921417,0.5505000000000001,0.0037215588131856814
3721.0,0.453,0.0240249869927124,0.5505000000000001,0.0037215588131856814
3722.0,0.4553999999999999,0.027343006418461005,0.5505000000000001,0.0037215588131856814
3802.0,0.4553999999999999,0.027343006418461005,0.551,0.003820994634908563
3807.0,0.4557,0.02753924472457441,0.551,0.003820994634908563
3815.0,0.4558,0.027563744302978862,0.551,0.003820994634908563
3817.0,0.4566,0.02787543721630209,0.551,0.003820994634908563
3818.0,0.457,0.027092434368288124,0.551,0.003820994634908563
3824.0,0.4591,0.02503377718203946,0.551,0.003820994634908563
3826.0,0.4612999999999999,0.02519146680921934,0.551,0.003820994634908563
3911.0,0.4613999999999999,0.025124490044576026,0.551,0.003820994634908563
3917.0,0.4616,0.02546055773151876,0.551,0.003820994634908563
3918.0,0.4626999999999999,0.02624137953690696,0.551,0.003820994634908563
3919.0,0.4637999999999999,0.026167919290612303,0.551,0.003820994634908563
3926.0,0.4656,0.02791845267918693,0.551,0.003820994634908563
4006.0,0.4656999999999999,0.02770216598029836,0.551,0.003820994634908563
4017.0,0.4662,0.028106227068035998,0.551,0.003820994634908563
4018.0,0.4663,0.028245530619905163,0.551,0.003820994634908563
4021.0,0.4668,0.028297703086999824,0.551,0.003820994634908563
4025.0,0.4678999999999999,0.02868954513407278,0.551,0.003820994634908563
4028.0,0.4686,0.029537095320968838,0.551,0.003820994634908563
4106.0,0.4695,0.02893527259246056,0.551,0.003820994634908563
4109.0,0.4696,0.02871654575327611,0.551,0.003820994634908563
4111.0,0.4722,0.02510697114348921,0.551,0.003820994634908563
4114.0,0.4724,0.024880514464134383,0.551,0.003820994634908563
4119.0,0.4725,0.024771959954755292,0.551,0.003820994634908563
4122.0,0.4726,0.02491264739043204,0.551,0.003820994634908563
4211.0,0.4729,0.02431234254447728,0.551,0.003820994634908563
4212.0,0.4738,0.02439180190145861,0.551,0.003820994634908563
4214.0,0.4751,0.024234066930666008,0.551,0.003820994634908563
4222.0,0.4752000000000001,0.02420247921184936,0.551,0.003820994634908563
4223.0,0.47700000000000004,0.0242693221990232,0.551,0.003820994634908563
4311.0,0.4778000000000001,0.022617692189964917,0.551,0.003820994634908563
4316.0,0.4781000000000001,0.022210132822655517,0.551,0.003820994634908563
4319.0,0.4782000000000001,0.02224769650997604,0.551,0.003820994634908563
4322.0,0.4801000000000001,0.02202021798257229,0.551,0.003820994634908563
4331.0,0.4818000000000001,0.0234085454481905,0.551,0.003820994634908563
4401.0,0.4818000000000001,0.0234085454481905,0.5516,0.004630334761116095
4404.0,0.4818000000000001,0.0234085454481905,0.5517000000000001,0.004817675788178366
4512.0,0.4835000000000001,0.020200247523235945,0.5517000000000001,0.004817675788178366
4516.0,0.4844000000000001,0.018794680098368263,0.5517000000000001,0.004817675788178366
4521.0,0.4845,0.018922209173349715,0.5517000000000001,0.004817675788178366
4523.0,0.4862,0.020113676938839403,0.5517000000000001,0.004817675788178366
4524.0,0.4864,0.020090793911640224,0.5517000000000001,0.004817675788178366
4526.0,0.4868,0.020118648065911387,0.5517000000000001,0.004817675788178366
4616.0,0.4869,0.01993715125086832,0.5517000000000001,0.004817675788178366
4618.0,0.4872,0.019410306540598474,0.5517000000000001,0.004817675788178366
4620.0,0.488,0.0199949993748437,0.5517000000000001,0.004817675788178366
4623.0,0.4880999999999999,0.020126847741263408,0.5517000000000001,0.004817675788178366
4625.0,0.4887,0.020114919835783587,0.5517000000000001,0.004817675788178366
4629.0,0.4893,0.020440401170231468,0.5517000000000001,0.004817675788178366
4713.0,0.4899,0.020186381547964462,0.5517000000000001,0.004817675788178366
4717.0,0.4900000000000001,0.020009997501249217,0.5517000000000001,0.004817675788178366
4724.0,0.4901000000000001,0.020092038224132462,0.5517000000000001,0.004817675788178366
4730.0,0.4902,0.02004395170618808,0.5517000000000001,0.004817675788178366
4818.0,0.4904,0.019698730923589976,0.5517000000000001,0.004817675788178366
4819.0,0.4923,0.019905024491318764,0.5517000000000001,0.004817675788178366
4820.0,0.4940000000000001,0.018740330840195968,0.5517000000000001,0.004817675788178366
4828.0,0.4948,0.018765926569183845,0.5517000000000001,0.004817675788178366
4841.0,0.4949000000000001,0.01884383188207749,0.5517000000000001,0.004817675788178366
4915.0,0.4967,0.01705901521190482,0.5517000000000001,0.004817675788178366
4924.0,0.5001,0.01118436408563313,0.5517000000000001,0.004817675788178366
4935.0,0.5008000000000001,0.010137060717979358,0.5517000000000001,0.004817675788178366
5001.0,0.5008000000000001,0.010137060717979358,0.5522,0.004556314299957811
5020.0,0.5019000000000001,0.009126335518706298,0.5522,0.004556314299957811
5034.0,0.5022,0.008997777503361603,0.5522,0.004556314299957811
5035.0,0.5025000000000001,0.00900277734924063,0.5522,0.004556314299957811
5039.0,0.503,0.009889388252060902,0.5522,0.004556314299957811
5042.0,0.5032000000000001,0.010283968105745963,0.5522,0.004556314299957811
5133.0,0.5035000000000001,0.010519030373565816,0.5522,0.004556314299957811
5136.0,0.5036,0.01037496987947436,0.5522,0.004556314299957811
5140.0,0.5037,0.010237675517420945,0.5522,0.004556314299957811
5227.0,0.5040000000000001,0.0101094015648801,0.5522,0.004556314299957811
5231.0,0.5045000000000001,0.010141498903022184,0.5522,0.004556314299957811
5234.0,0.5046,0.01000199980004,0.5522,0.004556314299957811
5236.0,0.5047,0.010090094152187094,0.5522,0.004556314299957811
5427.0,0.5048,0.00995791142760369,0.5522,0.004556314299957811
5431.0,0.5049,0.009984487968844479,0.5522,0.004556314299957811
5433.0,0.5051,0.010182828683622256,0.5522,0.004556314299957811
5528.0,0.5059,0.009470480452437471,0.5522,0.004556314299957811
5531.0,0.5064,0.009264987857520385,0.5522,0.004556314299957811
5534.0,0.5066,0.008946507698538025,0.5522,0.004556314299957811
5537.0,0.5076,0.009372299611087992,0.5522,0.004556314299957811
5541.0,0.5088,0.011838918869559005,0.5522,0.004556314299957811
5636.0,0.5088999999999999,0.011708543888972713,0.5522,0.004556314299957811
5725.0,0.509,0.011679041056525155,0.5522,0.004556314299957811
5727.0,0.5093,0.011349449325848379,0.5522,0.004556314299957811
5733.0,0.5099,0.011317685275708998,0.5522,0.004556314299957811
5737.0,0.5112,0.010017983829094563,0.5522,0.004556314299957811
5740.0,0.5119,0.01055888251663026,0.5522,0.004556314299957811
5823.0,0.512,0.010449880382090514,0.5522,0.004556314299957811
5828.0,0.5121,0.010492378186093,0.5522,0.004556314299957811
5830.0,0.5126000000000001,0.010061808982484223,0.5522,0.004556314299957811
5836.0,0.5126999999999999,0.010109896141899784,0.5522,0.004556314299957811
5901.0,0.5126999999999999,0.010109896141899784,0.5526000000000002,0.003954743986657041
5932.0,0.5145,0.010161200716450795,0.5526000000000002,0.003954743986657041
5953.0,0.5149999999999999,0.009486832980505143,0.5526000000000002,0.003954743986657041
6034.0,0.5151000000000001,0.009396275858019505,0.5526000000000002,0.003954743986657041
6044.0,0.5166,0.010744300814850644,0.5526000000000002,0.003954743986657041
6138.0,0.5172,0.010409610943738492,0.5526000000000002,0.003954743986657041
6145.0,0.5173,0.010383159442096621,0.5526000000000002,0.003954743986657041
6149.0,0.5177,0.009930256794262682,0.5526000000000002,0.003954743986657041
6230.0,0.5179,0.009954396013822244,0.5526000000000002,0.003954743986657041
6330.0,0.5180999999999999,0.009751410154434086,0.5526000000000002,0.003954743986657041
6333.0,0.5182,0.009775479527879959,0.5526000000000002,0.003954743986657041
6334.0,0.5184,0.009604165762834386,0.5526000000000002,0.003954743986657041
6341.0,0.5191000000000001,0.009585927185202282,0.5526000000000002,0.003954743986657041
6401.0,0.5191000000000001,0.009585927185202282,0.5527000000000001,0.0040012498047485145
6447.0,0.5197,0.010742904635153393,0.5527000000000001,0.0040012498047485145
6747.0,0.5202000000000001,0.010952625256074464,0.5527000000000001,0.0040012498047485145
6843.0,0.5204000000000001,0.01080000000000001,0.5527000000000001,0.0040012498047485145
6901.0,0.5204000000000001,0.01080000000000001,0.5530000000000002,0.004049691346263321
7041.0,0.5208000000000002,0.01088852607105297,0.5530000000000002,0.004049691346263321
7047.0,0.5212000000000001,0.010476640682967043,0.5530000000000002,0.004049691346263321
7051.0,0.5213000000000001,0.010412012293500243,0.5530000000000002,0.004049691346263321
7059.0,0.5214000000000001,0.010423051376636315,0.5530000000000002,0.004049691346263321
7162.0,0.5215000000000001,0.010385085459446169,0.5530000000000002,0.004049691346263321
7248.0,0.522,0.010029955134495876,0.5530000000000002,0.004049691346263321
7338.0,0.5223000000000001,0.009798469268207162,0.5530000000000002,0.004049691346263321
7402.0,0.5223000000000001,0.009798469268207162,0.5532000000000001,0.003994996871087639
7437.0,0.5225000000000001,0.009871676655968841,0.5532000000000001,0.003994996871087639
7458.0,0.5226000000000001,0.009800000000000008,0.5532000000000001,0.003994996871087639
7533.0,0.523,0.009602083107326251,0.5532000000000001,0.003994996871087639
7557.0,0.5231000000000001,0.00953362470417208,0.5532000000000001,0.003994996871087639
7746.0,0.5237,0.00938136450629652,0.5532000000000001,0.003994996871087639
7747.0,0.5238000000000002,0.009314504817756022,0.5532000000000001,0.003994996871087639
7843.0,0.5243000000000001,0.009121951545584976,0.5532000000000001,0.003994996871087639
8101.0,0.5243000000000001,0.009121951545584976,0.5537000000000001,0.0036069377593742897
8153.0,0.5245000000000001,0.00911317727249943,0.5537000000000001,0.0036069377593742897
8183.0,0.5257000000000002,0.009613012014972215,0.5537000000000001,0.0036069377593742897
8301.0,0.5257000000000002,0.009613012014972215,0.5539000000000001,0.0036180105030251116
8363.0,0.5258,0.009600000000000008,0.5539000000000001,0.0036180105030251116
8374.0,0.526,0.009197825830053543,0.5539000000000001,0.0036180105030251116
8380.0,0.5264,0.009318798205777402,0.5539000000000001,0.0036180105030251116
8391.0,0.5272,0.009997999799959998,0.5539000000000001,0.0036180105030251116
8561.0,0.528,0.010109401564880098,0.5539000000000001,0.0036180105030251116
8678.0,0.5282,0.010244998779892564,0.5539000000000001,0.0036180105030251116
8701.0,0.5282,0.010244998779892564,0.5541000000000001,0.003726929030716849
8858.0,0.5285,0.010249390225764664,0.5541000000000001,0.003726929030716849
8870.0,0.5287000000000001,0.0100404183179786,0.5541000000000001,0.003726929030716849
8960.0,0.5289,0.01014347080638576,0.5541000000000001,0.003726929030716849
9072.0,0.5291,0.009984487968844479,0.5541000000000001,0.003726929030716849
9174.0,0.5302,0.00800999375780032,0.5541000000000001,0.003726929030716849
9202.0,0.5302,0.00800999375780032,0.5545000000000002,0.003801315561749647
9266.0,0.5305000000000001,0.008237111144084442,0.5545000000000002,0.003801315561749647
9292.0,0.5307000000000002,0.008532877591996745,0.5545000000000002,0.003801315561749647
9401.0,0.5307000000000002,0.008532877591996745,0.5551000000000001,0.0038327535793473634
9481.0,0.5311000000000001,0.008055432949258538,0.5551000000000001,0.0038327535793473634
9771.0,0.5314000000000001,0.008357032966310478,0.5551000000000001,0.0038327535793473634
9875.0,0.5317000000000001,0.008672369918309534,0.5551000000000001,0.0038327535793473634
9973.0,0.5321000000000001,0.008300000000000009,0.5551000000000001,0.0038327535793473634
9988.0,0.5325000000000001,0.007736278174936583,0.5551000000000001,0.0038327535793473634
9995.0,0.5328,0.007884161337770817,0.5551000000000001,0.0038327535793473634
10075.0,0.5332,0.008243785538209987,0.5551000000000001,0.0038327535793473634
10282.0,0.5333,0.008391066678319277,0.5551000000000001,0.0038327535793473634
10893.0,0.5335,0.008593602271457536,0.5551000000000001,0.0038327535793473634
11002.0,0.5339,0.009148223871331535,0.5551000000000001,0.0038327535793473634
11599.0,0.5343,0.008877499647986484,0.5551000000000001,0.0038327535793473634
13198.0,0.5351,0.008154140052758479,0.5551000000000001,0.0038327535793473634
13402.0,0.5353,0.008246817568007679,0.5551000000000001,0.0038327535793473634
13498.0,0.5355000000000001,0.008163945124754338,0.5551000000000001,0.0038327535793473634
15202.0,0.5355000000000001,0.008163945124754338,0.5553000000000001,0.003874274125562107
15701.0,0.536,0.008148619514985352,0.5553000000000001,0.003874274125562107
16302.0,0.536,0.008148619514985352,0.5555000000000001,0.00400624512480203
17901.0,0.536,0.008148619514985352,0.5556000000000001,0.003979949748426484
18001.0,0.536,0.008148619514985352,0.5558000000000001,0.003994996871087639
18302.0,0.5364000000000001,0.00798999374217528,0.5558000000000001,0.003994996871087639
20502.0,0.5366000000000001,0.008175573374387884,0.5558000000000001,0.003994996871087639
20602.0,0.5366000000000001,0.008175573374387884,0.5562,0.003572114219898354
21802.0,0.5369,0.008203048213926341,0.5562,0.003572114219898354
22402.0,0.5369,0.008203048213926341,0.5563,0.0036069377593742897
23501.0,0.5370000000000001,0.008185352771872458,0.5563,0.0036069377593742897
23703.0,0.5370000000000001,0.008185352771872458,0.5564000000000001,0.003666060555964675
25602.0,0.5370000000000001,0.008185352771872458,0.5568000000000001,0.002712931993250109
26502.0,0.5370000000000001,0.008185352771872458,0.5570000000000002,0.002569046515733028
26602.0,0.5372,0.008034923770640273,0.5570000000000002,0.002569046515733028
26700.0,0.5372999999999999,0.008050465825031501,0.5570000000000002,0.002569046515733028
27102.0,0.5374,0.00803990049689672,0.5570000000000002,0.002569046515733028
27202.0,0.5374,0.00803990049689672,0.5574000000000001,0.0026907248094147442
29001.0,0.5375,0.008139410298049859,0.5574000000000001,0.0026907248094147442
29302.0,0.5375,0.008139410298049859,0.5576000000000001,0.002727636339397174
33007.0,0.5375,0.008139410298049859,0.5577000000000001,0.0027221315177632416
34402.0,0.5375,0.008139410298049859,0.5579999999999999,0.0020493901531919213
36001.0,0.5379,0.0074893257373411185,0.5579999999999999,0.0020493901531919213
37601.0,0.5379,0.0074893257373411185,0.5581,0.0020712315177208
38502.0,0.5381,0.0074893257373411185,0.5581,0.0020712315177208
39201.0,0.5389,0.007955501241279528,0.5581,0.0020712315177208
40401.0,0.5389,0.007955501241279528,0.5583,0.0018466185312619398
42002.0,0.539,0.007962411694957759,0.5583,0.0018466185312619398
44101.0,0.5393000000000001,0.008050465825031501,0.5583,0.0018466185312619398
44902.0,0.5396000000000001,0.008380930735902794,0.5583,0.0018466185312619398
46302.0,0.5403,0.007550496672405075,0.5583,0.0018466185312619398
46601.0,0.5405,0.007826237921249271,0.5583,0.0018466185312619398
46701.0,0.5409000000000002,0.007091544260596564,0.5583,0.0018466185312619398
47902.0,0.5412000000000001,0.007600000000000006,0.5583,0.0018466185312619398
48402.0,0.5412000000000001,0.007600000000000006,0.5586,0.0018547236990991425
49201.0,0.5412000000000001,0.007600000000000006,0.5587000000000001,0.0019519221295943151
49802.0,0.5413,0.0074839828968270685,0.5587000000000001,0.0019519221295943151
50000.0,0.5413,0.0074839828968270685,0.5587000000000001,0.0019519221295943151
