C1_School closing,C2_Workplace closing,C3_Cancel public events,C4_Restrictions on gatherings,C5_Close public transport,C6_Stay at home requirements,C7_Restrictions on internal movement,C8_International travel controls,H1_Public information campaigns,H2_Testing policy,H3_Contact tracing,H6_Facial Coverings,Infections,InfectionsRolling,Stringency,Date,CountryName,RegionName,PrescriptionIndex
3,3,2,4,2,1,1,4,2,3,2,2,13601.765824719983,11118.989285762395,54.01,2021-03-28,Germany,,Plan 1
3,3,2,4,2,1,1,4,2,3,2,2,12314.0727858824,11118.989285762395,54.01,2021-03-29,Germany,,Plan 1
3,3,2,4,2,1,1,4,2,3,2,2,11507.320172970514,11118.989285762395,54.01,2021-03-30,Germany,,Plan 1
3,3,2,4,2,1,1,4,2,3,2,2,10882.384066415749,11118.989285762395,54.01,2021-03-31,Germany,,Plan 1
3,3,2,4,2,1,1,4,2,3,2,2,10336.151753563458,11118.989285762395,54.01,2021-04-01,Germany,,Plan 1
3,3,2,4,2,1,1,4,2,3,2,2,9832.589561385144,11118.989285762395,54.01,2021-04-02,Germany,,Plan 1
3,3,2,4,2,1,1,4,2,3,2,2,9358.640835399525,11118.989285762395,54.01,2021-04-03,Germany,,Plan 1
3,2,2,2,2,0,1,4,2,3,2,0,9098.274877511174,10475.633436161137,39.34,2021-04-04,Germany,,Plan 1
3,2,2,2,2,0,1,4,2,3,2,0,8941.624430061609,9993.855099615308,39.34,2021-04-05,Germany,,Plan 1
3,2,2,2,2,0,1,4,2,3,2,0,8844.683895750673,9613.478488583904,39.34,2021-04-06,Germany,,Plan 1
3,2,2,2,2,0,1,4,2,3,2,0,8787.414593956712,9314.19713537547,39.34,2021-04-07,Germany,,Plan 1
3,2,2,2,2,0,1,4,2,3,2,0,8758.977058902814,9088.886464709663,39.34,2021-04-08,Germany,,Plan 1
3,2,2,2,2,0,1,4,2,3,2,0,8752.509072533423,8934.589252016562,39.34,2021-04-09,Germany,,Plan 1
3,2,2,2,2,0,1,4,2,3,2,0,8763.186795420204,8849.524389162372,39.34,2021-04-10,Germany,,Plan 1
3,0,2,2,2,0,0,4,2,3,2,0,8898.487710059177,8820.983365240658,30.0,2021-04-11,Germany,,Plan 1
3,0,2,2,2,0,0,4,2,3,2,0,9117.276524799152,8846.076521631736,30.0,2021-04-12,Germany,,Plan 1
3,0,2,2,2,0,0,4,2,3,2,0,9397.804953708875,8925.093815625765,30.0,2021-04-13,Germany,,Plan 1
3,0,2,2,2,0,0,4,2,3,2,0,9729.94251527568,9059.740661528474,30.0,2021-04-14,Germany,,Plan 1
3,0,2,2,2,0,0,4,2,3,2,0,10108.233528578008,9252.491585767788,30.0,2021-04-15,Germany,,Plan 1
3,0,2,2,2,0,0,4,2,3,2,0,10529.39844374407,9506.332924512168,30.0,2021-04-16,Germany,,Plan 1
3,0,2,2,2,0,0,4,2,3,2,0,10991.373396957752,9824.64529616039,30.0,2021-04-17,Germany,,Plan 1
2,0,2,2,1,0,0,4,2,3,2,0,11584.239353242358,10208.324102329414,24.0,2021-04-18,Germany,,Plan 1
2,0,2,2,1,0,0,4,2,3,2,0,12312.01043835102,10664.714661408254,24.0,2021-04-19,Germany,,Plan 1
2,0,2,2,1,0,0,4,2,3,2,0,13159.543551895387,11202.105889720613,24.0,2021-04-20,Germany,,Plan 1
2,0,2,2,1,0,0,4,2,3,2,0,14124.313073517995,11829.873112326653,24.0,2021-04-21,Germany,,Plan 1
2,0,2,2,1,0,0,4,2,3,2,0,15208.871468047237,12558.535675107976,24.0,2021-04-22,Germany,,Plan 1
2,0,2,2,1,0,0,4,2,3,2,0,16418.32954014858,13399.811546022904,24.0,2021-04-23,Germany,,Plan 1
2,0,2,2,1,0,0,4,2,3,2,0,17759.48798232656,14366.685058218447,24.0,2021-04-24,Germany,,Plan 1
3,0,2,2,0,0,0,4,2,3,2,0,19149.125121667385,15447.383025136309,28.0,2021-04-25,Germany,,Plan 1
3,0,2,2,0,0,0,4,2,3,2,0,20578.36116324734,16628.290271550068,28.0,2021-04-26,Germany,,Plan 1
3,0,2,2,0,0,0,4,2,3,2,0,22067.172302838888,17900.808664541997,28.0,2021-04-27,Germany,,Plan 1
3,0,2,2,0,0,0,4,2,3,2,0,23626.674604243588,19258.288883217087,28.0,2021-04-28,Germany,,Plan 1
3,0,2,2,0,0,0,4,2,3,2,0,25265.26798719753,20694.916957381407,28.0,2021-04-29,Germany,,Plan 1
3,0,2,2,0,0,0,4,2,3,2,0,26990.544416442524,22205.233368280547,28.0,2021-04-30,Germany,,Plan 1
3,0,2,2,0,0,0,4,2,3,2,0,28809.89431117978,23783.862843831004,28.0,2021-05-01,Germany,,Plan 1
1,0,2,2,1,0,0,4,2,3,2,0,31068.831052753525,25486.677976843315,19.0,2021-05-02,Germany,,Plan 1
1,0,2,2,1,0,0,4,2,3,2,0,33826.717158564825,27379.300261888668,19.0,2021-05-03,Germany,,Plan 1
1,0,2,2,1,0,0,4,2,3,2,0,37056.722924866364,29520.664636464022,19.0,2021-05-04,Germany,,Plan 1
1,0,2,2,1,0,0,4,2,3,2,0,40776.264124342015,31970.605996478087,19.0,2021-05-05,Germany,,Plan 1
1,0,2,2,1,0,0,4,2,3,2,0,45021.294969089075,34792.89556531973,19.0,2021-05-06,Germany,,Plan 1
1,0,2,2,1,0,0,4,2,3,2,0,49838.21932609166,38056.84912384104,19.0,2021-05-07,Germany,,Plan 1
1,0,2,2,1,0,0,4,2,3,2,0,55281.44168425816,41838.49874856651,19.0,2021-05-08,Germany,,Plan 1
3,0,2,2,1,0,0,4,2,3,2,0,60754.88916500397,46079.36419317372,29.0,2021-05-09,Germany,,Plan 1
3,0,2,2,1,0,0,4,2,3,2,0,66114.97008036674,50691.971753431135,29.0,2021-05-10,Germany,,Plan 1
3,0,2,2,1,0,0,4,2,3,2,0,71466.00516881187,55607.58350256621,29.0,2021-05-11,Germany,,Plan 1
3,0,2,2,1,0,0,4,2,3,2,0,76855.55644256067,60761.7681194546,29.0,2021-05-12,Germany,,Plan 1
3,0,2,2,1,0,0,4,2,3,2,0,82314.26820169178,66089.33572411213,29.0,2021-05-13,Germany,,Plan 1
3,0,2,2,1,0,0,4,2,3,2,0,87867.19622695113,71522.0467099492,29.0,2021-05-14,Germany,,Plan 1
3,0,2,2,1,0,0,4,2,3,2,0,93536.81609130766,76987.10019667055,29.0,2021-05-15,Germany,,Plan 1
3,2,2,2,2,0,1,4,2,3,2,0,98175.05291742038,82332.83787558718,39.34,2021-05-16,Germany,,Plan 1
3,2,2,2,2,0,1,4,2,3,2,0,101986.25513890755,87457.30716966445,39.34,2021-05-17,Germany,,Plan 1
3,2,2,2,2,0,1,4,2,3,2,0,105148.03803461805,92269.02615049391,39.34,2021-05-18,Germany,,Plan 1
3,2,2,2,2,0,1,4,2,3,2,0,107769.57736597369,96685.31485383863,39.34,2021-05-19,Germany,,Plan 1
3,2,2,2,2,0,1,4,2,3,2,0,109934.00458781632,100630.99148042784,39.34,2021-05-20,Germany,,Plan 1
3,2,2,2,2,0,1,4,2,3,2,0,111710.46174505507,104037.1722687284,39.34,2021-05-21,Germany,,Plan 1
3,2,2,2,2,0,1,4,2,3,2,0,113157.70032177574,106840.15573022382,39.34,2021-05-22,Germany,,Plan 1
3,2,2,2,2,0,1,4,2,3,2,0,114325.53969961205,109147.3681276798,39.34,2021-05-23,Germany,,Plan 1
3,2,2,2,2,0,1,4,2,3,2,0,115255.88804376216,111043.02997123043,39.34,2021-05-24,Germany,,Plan 1
3,2,2,2,2,0,1,4,2,3,2,0,115983.70278059144,112590.98207779806,39.34,2021-05-25,Germany,,Plan 1
3,2,2,2,2,0,1,4,2,3,2,0,116537.93942861592,113843.60522960409,39.34,2021-05-26,Germany,,Plan 1
3,2,2,2,2,0,1,4,2,3,2,0,116942.45331989446,114844.81219132955,39.34,2021-05-27,Germany,,Plan 1
3,3,2,4,2,3,2,4,2,3,2,4,12952.997437283871,9282.78306921307,78.00999999999998,2021-03-28,Germany,,Plan 2
3,3,2,4,2,3,2,4,2,3,2,4,11132.245837656345,9282.78306921307,78.00999999999998,2021-03-29,Germany,,Plan 2
3,3,2,4,2,3,2,4,2,3,2,4,9893.554481955949,9282.78306921307,78.00999999999998,2021-03-30,Germany,,Plan 2
3,3,2,4,2,3,2,4,2,3,2,4,8915.609726937639,9282.78306921307,78.00999999999998,2021-03-31,Germany,,Plan 2
3,3,2,4,2,3,2,4,2,3,2,4,8079.085703262759,9282.78306921307,78.00999999999998,2021-04-01,Germany,,Plan 2
3,3,2,4,2,3,2,4,2,3,2,4,7337.0824904807605,9282.78306921307,78.00999999999998,2021-04-02,Germany,,Plan 2
3,3,2,4,2,3,2,4,2,3,2,4,6668.905806914157,9282.78306921307,78.00999999999998,2021-04-03,Germany,,Plan 2
3,3,2,4,2,3,2,4,2,3,2,4,6063.5594930634925,8298.577648610159,78.00999999999998,2021-04-04,Germany,,Plan 2
3,3,2,4,2,3,2,4,2,3,2,4,5513.829056635759,7495.946679892931,78.00999999999998,2021-04-05,Germany,,Plan 2
3,3,2,4,2,3,2,4,2,3,2,4,5014.1440241827395,6798.888043068188,78.00999999999998,2021-04-06,Germany,,Plan 2
3,3,2,4,2,3,2,4,2,3,2,4,4559.789439331259,6176.628001981561,78.00999999999998,2021-04-07,Germany,,Plan 2
3,3,2,4,2,3,2,4,2,3,2,4,4146.600863596143,5614.844453457758,78.00999999999998,2021-04-08,Germany,,Plan 2
3,3,2,4,2,3,2,4,2,3,2,4,3770.833729782183,5105.380344786534,78.00999999999998,2021-04-09,Germany,,Plan 2
3,3,2,4,2,3,2,4,2,3,2,4,3429.0967306805555,4642.550476753162,78.00999999999998,2021-04-10,Germany,,Plan 2
3,3,2,4,2,3,2,4,2,3,2,4,3118.3098655883514,4221.800529970999,78.00999999999998,2021-04-11,Germany,,Plan 2
3,3,2,4,2,3,2,4,2,3,2,4,2835.672865523773,3839.2067883835716,78.00999999999998,2021-04-12,Germany,,Plan 2
3,3,2,4,2,3,2,4,2,3,2,4,2578.6387944001503,3491.2774698432013,78.00999999999998,2021-04-13,Germany,,Plan 2
3,3,2,4,2,3,2,4,2,3,2,4,2344.890840731846,3174.8633843290004,78.00999999999998,2021-04-14,Germany,,Plan 2
3,3,2,4,2,3,2,4,2,3,2,4,2132.3214748726887,2887.1091859399353,78.00999999999998,2021-04-15,Germany,,Plan 2
3,3,2,4,2,3,2,4,2,3,2,4,1939.0135702917426,2625.420591727016,78.00999999999998,2021-04-16,Germany,,Plan 2
3,3,2,4,2,3,2,4,2,3,2,4,1763.2232474254538,2387.438665547715,78.00999999999998,2021-04-17,Germany,,Plan 2
3,3,2,4,2,3,2,4,2,3,2,3,1605.1337341872281,2171.270646776126,73.00999999999998,2021-04-18,Germany,,Plan 2
3,3,2,4,2,3,2,4,2,3,2,3,1462.1944861790446,1975.0594497268792,73.00999999999998,2021-04-19,Germany,,Plan 2
3,3,2,4,2,3,2,4,2,3,2,3,1332.584368555625,1797.0516746062326,73.00999999999998,2021-04-20,Germany,,Plan 2
3,3,2,4,2,3,2,4,2,3,2,3,1214.8605711329574,1635.6187789492483,73.00999999999998,2021-04-21,Germany,,Plan 2
3,3,2,4,2,3,2,4,2,3,2,3,1107.8122456536105,1489.2603176322373,73.00999999999998,2021-04-22,Germany,,Plan 2
3,3,2,4,2,3,2,4,2,3,2,3,1010.3921763954584,1356.6001185041964,73.00999999999998,2021-04-23,Germany,,Plan 2
3,3,2,4,2,3,2,4,2,3,2,3,921.679838831242,1236.3796315621664,73.00999999999998,2021-04-24,Germany,,Plan 2
3,3,2,4,2,3,2,4,2,3,2,4,839.9415105679035,1127.0664567594058,78.00999999999998,2021-04-25,Germany,,Plan 2
3,3,2,4,2,3,2,4,2,3,2,4,765.0151616918613,1027.4694104040939,78.00999999999998,2021-04-26,Germany,,Plan 2
3,3,2,4,2,3,2,4,2,3,2,4,696.5097684325177,936.6016103865072,78.00999999999998,2021-04-27,Germany,,Plan 2
3,3,2,4,2,3,2,4,2,3,2,4,633.9671415975985,853.6168347385986,78.00999999999998,2021-04-28,Germany,,Plan 2
3,3,2,4,2,3,2,4,2,3,2,4,576.9223954858193,777.7754275717715,78.00999999999998,2021-04-29,Germany,,Plan 2
3,3,2,4,2,3,2,4,2,3,2,4,524.927047692741,708.4232663285263,78.00999999999998,2021-04-30,Germany,,Plan 2
3,3,2,4,2,3,2,4,2,3,2,4,477.5578524736473,644.9772682774412,78.00999999999998,2021-05-01,Germany,,Plan 2
3,3,2,4,2,3,2,4,2,3,2,4,434.41988283523926,587.0456071727749,78.00999999999998,2021-05-02,Germany,,Plan 2
3,3,2,4,2,3,2,4,2,3,2,4,395.1471084519957,534.2073138527941,78.00999999999998,2021-05-03,Germany,,Plan 2
3,3,2,4,2,3,2,4,2,3,2,4,359.40181573357086,486.04903489580164,78.00999999999998,2021-05-04,Germany,,Plan 2
3,3,2,4,2,3,2,4,2,3,2,4,326.87340342642665,442.17850087134855,78.00999999999998,2021-05-05,Germany,,Plan 2
3,3,2,4,2,3,2,4,2,3,2,4,297.2769013141829,402.2291445611149,78.00999999999998,2021-05-06,Germany,,Plan 2
3,3,2,4,2,3,2,4,2,3,2,4,270.35134127062975,365.86118650081323,78.00999999999998,2021-05-07,Germany,,Plan 2
3,3,2,4,2,3,2,4,2,3,2,4,245.8580830311551,332.76121943760006,78.00999999999998,2021-05-08,Germany,,Plan 2
3,3,2,4,2,3,2,4,2,3,2,2,224.0689388040839,302.7110845760064,70.00999999999999,2021-05-09,Germany,,Plan 2
3,3,2,4,2,3,2,4,2,3,2,2,204.48011224822037,275.4729422611813,70.00999999999999,2021-05-10,Germany,,Plan 2
3,3,2,4,2,3,2,4,2,3,2,2,186.76993036875697,250.81124435192226,70.00999999999999,2021-05-11,Germany,,Plan 2
3,3,2,4,2,3,2,4,2,3,2,2,170.704145039908,228.5013502967053,70.00999999999999,2021-05-12,Germany,,Plan 2
3,3,2,4,2,3,2,4,2,3,2,2,156.0972625815223,208.33283047775382,70.00999999999999,2021-05-13,Germany,,Plan 2
3,3,2,4,2,3,2,4,2,3,2,2,142.7951953900353,190.1105239233831,70.00999999999999,2021-05-14,Germany,,Plan 2
3,3,2,4,2,3,2,4,2,3,2,2,130.6664110414647,173.6545707819988,70.00999999999999,2021-05-15,Germany,,Plan 2
3,3,2,4,2,3,2,4,2,3,2,4,119.33795607879006,158.69300182124252,78.00999999999998,2021-05-16,Germany,,Plan 2
3,3,2,4,2,3,2,4,2,3,2,4,108.86818802842673,145.03415550412916,78.00999999999998,2021-05-17,Germany,,Plan 2
3,3,2,4,2,3,2,4,2,3,2,4,99.24246052480751,132.5302312407078,78.00999999999998,2021-05-18,Germany,,Plan 2
3,3,2,4,2,3,2,4,2,3,2,4,90.41899350975456,121.06092387925732,78.00999999999998,2021-05-19,Germany,,Plan 2
3,3,2,4,2,3,2,4,2,3,2,4,82.3463880855221,110.525084665543,78.00999999999998,2021-05-20,Germany,,Plan 2
3,3,2,4,2,3,2,4,2,3,2,4,74.97071363903345,100.83587298682845,78.00999999999998,2021-05-21,Germany,,Plan 2
3,3,2,4,2,3,2,4,2,3,2,4,68.2385955602239,91.91761363236549,78.00999999999998,2021-05-22,Germany,,Plan 2
3,3,2,4,2,3,2,4,2,3,2,4,62.09865836982333,83.74057110251309,78.00999999999998,2021-05-23,Germany,,Plan 2
3,3,2,4,2,3,2,4,2,3,2,4,56.50222729888852,76.25971956972191,78.00999999999998,2021-05-24,Germany,,Plan 2
3,3,2,4,2,3,2,4,2,3,2,4,51.403653766523114,69.42560431853842,78.00999999999998,2021-05-25,Germany,,Plan 2
3,3,2,4,2,3,2,4,2,3,2,4,46.76043137104178,63.18866687015088,78.00999999999998,2021-05-26,Germany,,Plan 2
3,3,2,4,2,3,2,4,2,3,2,4,42.533186112498896,57.501066588290435,78.00999999999998,2021-05-27,Germany,,Plan 2
3,3,2,4,2,3,1,4,2,3,2,2,13206.728100688715,9969.676819729002,62.01,2021-03-28,Germany,,Plan 3
3,3,2,4,2,3,1,4,2,3,2,2,11590.252724559843,9969.676819729002,62.01,2021-03-29,Germany,,Plan 3
3,3,2,4,2,3,1,4,2,3,2,2,10511.752013883615,9969.676819729002,62.01,2021-03-30,Germany,,Plan 3
3,3,2,4,2,3,1,4,2,3,2,2,9659.344906010809,9969.676819729002,62.01,2021-03-31,Germany,,Plan 3
3,3,2,4,2,3,1,4,2,3,2,2,8920.972135058964,9969.676819729002,62.01,2021-04-01,Germany,,Plan 3
3,3,2,4,2,3,1,4,2,3,2,2,8254.817579869308,9969.676819729002,62.01,2021-04-02,Germany,,Plan 3
3,3,2,4,2,3,1,4,2,3,2,2,7643.870278031747,9969.676819729002,62.01,2021-04-03,Germany,,Plan 3
3,3,2,3,2,0,1,4,2,3,2,2,7211.609249097602,9113.2312695017,47.51,2021-04-04,Germany,,Plan 3
3,3,2,3,2,0,1,4,2,3,2,2,6869.969838847807,8438.905142971407,47.51,2021-04-05,Germany,,Plan 3
3,3,2,3,2,0,1,4,2,3,2,2,6582.242079637017,7877.546580936178,47.51,2021-04-06,Germany,,Plan 3
3,3,2,3,2,0,1,4,2,3,2,2,6331.044843505882,7402.075143435476,47.51,2021-04-07,Germany,,Plan 3
3,3,2,3,2,0,1,4,2,3,2,2,6106.744030970306,7000.042557137095,47.51,2021-04-08,Germany,,Plan 3
3,3,2,3,2,0,1,4,2,3,2,2,5903.209179995982,6664.098500012334,47.51,2021-04-09,Germany,,Plan 3
3,3,2,3,2,0,1,4,2,3,2,2,5716.165267379101,6388.712069919099,47.51,2021-04-10,Germany,,Plan 3
3,3,2,4,2,0,1,4,2,3,2,1,5530.737521087989,6148.587537346299,49.01,2021-04-11,Germany,,Plan 3
3,3,2,4,2,0,1,4,2,3,2,1,5350.38172411435,5931.503520955805,49.01,2021-04-12,Germany,,Plan 3
3,3,2,4,2,0,1,4,2,3,2,1,5175.973714854269,5730.608040272555,49.01,2021-04-13,Germany,,Plan 3
3,3,2,4,2,0,1,4,2,3,2,1,5007.561763744489,5541.539028878069,49.01,2021-04-14,Germany,,Plan 3
3,3,2,4,2,0,1,4,2,3,2,1,4844.949166035402,5361.282619601655,49.01,2021-04-15,Germany,,Plan 3
3,3,2,4,2,0,1,4,2,3,2,1,4687.883642351047,5187.664685652378,49.01,2021-04-16,Germany,,Plan 3
3,3,2,4,2,0,1,4,2,3,2,1,4536.115606727037,5019.086162702083,49.01,2021-04-17,Germany,,Plan 3
3,3,2,2,2,0,1,4,2,3,2,0,4420.3973381385795,4860.466136566452,43.01,2021-04-18,Germany,,Plan 3
3,3,2,2,2,0,1,4,2,3,2,0,4325.692941013112,4714.082024694848,43.01,2021-04-19,Germany,,Plan 3
3,3,2,2,2,0,1,4,2,3,2,0,4244.984167585274,4581.083517942134,43.01,2021-04-20,Germany,,Plan 3
3,3,2,2,2,0,1,4,2,3,2,0,4174.43121240144,4462.0648677502695,43.01,2021-04-21,Germany,,Plan 3
3,3,2,2,2,0,1,4,2,3,2,0,4111.602797804407,4357.301100860127,43.01,2021-04-22,Germany,,Plan 3
3,3,2,2,2,0,1,4,2,3,2,0,4054.795325809417,4266.859912782752,43.01,2021-04-23,Germany,,Plan 3
3,3,2,2,2,0,1,4,2,3,2,0,4002.743980943042,4190.663966242181,43.01,2021-04-24,Germany,,Plan 3
3,3,2,3,2,0,1,4,2,3,2,0,3942.957817752177,4122.458320472696,45.51,2021-04-25,Germany,,Plan 3
3,3,2,3,2,0,1,4,2,3,2,0,3879.7349898694897,4058.750041737892,45.51,2021-04-26,Germany,,Plan 3
3,3,2,3,2,0,1,4,2,3,2,0,3814.8652479056236,3997.304481783657,45.51,2021-04-27,Germany,,Plan 3
3,3,2,3,2,0,1,4,2,3,2,0,3749.229065353209,3936.561317919624,45.51,2021-04-28,Germany,,Plan 3
3,3,2,3,2,0,1,4,2,3,2,0,3683.3421601521063,3875.381226826438,45.51,2021-04-29,Germany,,Plan 3
3,3,2,3,2,0,1,4,2,3,2,0,3617.548891769174,3812.917450534975,45.51,2021-04-30,Germany,,Plan 3
3,3,2,3,2,0,1,4,2,3,2,0,3552.0969347790865,3748.539301082981,45.51,2021-05-01,Germany,,Plan 3
3,1,2,2,2,0,0,4,2,3,2,0,3543.9476806402995,3691.537852924141,33.67,2021-05-02,Germany,,Plan 3
3,1,2,2,2,0,0,4,2,3,2,0,3568.752328391189,3647.111758427241,33.67,2021-05-03,Germany,,Plan 3
3,1,2,2,2,0,0,4,2,3,2,0,3616.050581981383,3618.709663295207,33.67,2021-05-04,Germany,,Plan 3
3,1,2,2,2,0,0,4,2,3,2,0,3680.6650866510795,3608.914809194903,33.67,2021-05-05,Germany,,Plan 3
3,1,2,2,2,0,0,4,2,3,2,0,3759.586630988569,3619.806876457254,33.67,2021-05-06,Germany,,Plan 3
3,1,2,2,2,0,0,4,2,3,2,0,3850.823299245394,3653.131791811,33.67,2021-05-07,Germany,,Plan 3
3,1,2,2,2,0,0,4,2,3,2,0,3952.9472903164647,3710.39612831634,33.67,2021-05-08,Germany,,Plan 3
3,0,2,2,1,0,0,4,2,3,2,0,4087.2338448870532,3788.008437494448,29.0,2021-05-09,Germany,,Plan 3
3,0,2,2,1,0,0,4,2,3,2,0,4249.9890624448135,3885.32797093068,29.0,2021-05-10,Germany,,Plan 3
3,0,2,2,1,0,0,4,2,3,2,0,4436.6036087699795,4002.5498319004796,29.0,2021-05-11,Germany,,Plan 3
3,0,2,2,1,0,0,4,2,3,2,0,4645.117755142768,4140.328784542149,29.0,2021-05-12,Germany,,Plan 3
3,0,2,2,1,0,0,4,2,3,2,0,4874.654332838465,4299.624170520706,29.0,2021-05-13,Germany,,Plan 3
3,0,2,2,1,0,0,4,2,3,2,0,5124.8682548296365,4481.630592747026,29.0,2021-05-14,Germany,,Plan 3
3,0,2,2,1,0,0,4,2,3,2,0,5395.7380761599325,4687.743562153236,29.0,2021-05-15,Germany,,Plan 3
1,0,1,1,2,0,0,4,2,3,2,0,5806.077071875039,4933.292594580091,14.0,2021-05-16,Germany,,Plan 3
1,0,1,1,2,0,0,4,2,3,2,0,6367.759866485005,5235.831280871546,14.0,2021-05-17,Germany,,Plan 3
1,0,1,1,2,0,0,4,2,3,2,0,7070.022550121133,5612.033986778853,14.0,2021-05-18,Germany,,Plan 3
1,0,1,1,2,0,0,4,2,3,2,0,7920.409583486084,6079.932819399327,14.0,2021-05-19,Germany,,Plan 3
1,0,1,1,2,0,0,4,2,3,2,0,8934.783498623781,6659.951271654372,14.0,2021-05-20,Germany,,Plan 3
1,0,1,1,2,0,0,4,2,3,2,0,10134.351249599875,7375.591699478691,14.0,2021-05-21,Germany,,Plan 3
1,0,1,1,2,0,0,4,2,3,2,0,11545.006462876594,8254.058611866787,14.0,2021-05-22,Germany,,Plan 3
1,0,1,1,2,0,0,4,2,3,2,0,13197.476327594199,9309.97279125524,14.0,2021-05-23,Germany,,Plan 3
1,0,1,1,2,0,0,4,2,3,2,0,15127.795973383076,10561.406520812106,14.0,2021-05-24,Germany,,Plan 3
1,0,1,1,2,0,0,4,2,3,2,0,17377.96627977806,12033.969910763095,14.0,2021-05-25,Germany,,Plan 3
1,0,1,1,2,0,0,4,2,3,2,0,19996.755311342782,13759.162157599763,14.0,2021-05-26,Germany,,Plan 3
1,0,1,1,2,0,0,4,2,3,2,0,23040.63686014909,15774.284066389097,14.0,2021-05-27,Germany,,Plan 3
3,3,2,4,2,3,1,4,2,3,2,2,13206.728100688715,9969.676819729002,62.01,2021-03-28,Germany,,Plan 4
3,3,2,4,2,3,1,4,2,3,2,2,11590.252724559843,9969.676819729002,62.01,2021-03-29,Germany,,Plan 4
3,3,2,4,2,3,1,4,2,3,2,2,10511.752013883615,9969.676819729002,62.01,2021-03-30,Germany,,Plan 4
3,3,2,4,2,3,1,4,2,3,2,2,9659.344906010809,9969.676819729002,62.01,2021-03-31,Germany,,Plan 4
3,3,2,4,2,3,1,4,2,3,2,2,8920.972135058964,9969.676819729002,62.01,2021-04-01,Germany,,Plan 4
3,3,2,4,2,3,1,4,2,3,2,2,8254.817579869308,9969.676819729002,62.01,2021-04-02,Germany,,Plan 4
3,3,2,4,2,3,1,4,2,3,2,2,7643.870278031747,9969.676819729002,62.01,2021-04-03,Germany,,Plan 4
3,1,2,2,2,0,0,4,2,3,2,0,7384.915293959708,9137.98927591057,33.67,2021-04-04,Germany,,Plan 4
3,1,2,2,2,0,0,4,2,3,2,0,7286.722272869198,8523.199211383337,33.67,2021-04-05,Germany,,Plan 4
3,1,2,2,2,0,0,4,2,3,2,0,7277.197739226189,8061.120029289416,33.67,2021-04-06,Germany,,Plan 4
3,1,2,2,2,0,0,4,2,3,2,0,7326.652260246251,7727.878222751624,33.67,2021-04-07,Germany,,Plan 4
3,1,2,2,2,0,0,4,2,3,2,0,7420.627740039296,7513.543309177387,33.67,2021-04-08,Germany,,Plan 4
3,1,2,2,2,0,0,4,2,3,2,0,7550.632972039344,7412.94550805882,33.67,2021-04-09,Germany,,Plan 4
3,1,2,2,2,0,0,4,2,3,2,0,7710.945687975559,7422.5277094793655,33.67,2021-04-10,Germany,,Plan 4
3,1,2,2,2,0,0,4,2,3,2,0,7897.413386574652,7495.7417227100705,33.67,2021-04-11,Germany,,Plan 4
3,1,2,2,2,0,0,4,2,3,2,0,8106.923258158841,7612.913292037162,33.67,2021-04-12,Germany,,Plan 4
3,1,2,2,2,0,0,4,2,3,2,0,8337.113130302849,7764.329776476686,33.67,2021-04-13,Germany,,Plan 4
3,1,2,2,2,0,0,4,2,3,2,0,8586.187148861085,7944.263331993091,33.67,2021-04-14,Germany,,Plan 4
3,1,2,2,2,0,0,4,2,3,2,0,8852.78616248059,8148.857392341845,33.67,2021-04-15,Germany,,Plan 4
3,1,2,2,2,0,0,4,2,3,2,0,9135.892595507008,8375.323052837226,33.67,2021-04-16,Germany,,Plan 4
3,1,2,2,2,0,0,4,2,3,2,0,9434.759087132634,8621.582109859666,33.67,2021-04-17,Germany,,Plan 4
3,1,2,2,2,0,0,4,2,3,2,0,9748.854170824714,8886.073650466818,33.67,2021-04-18,Germany,,Plan 4
3,1,2,2,2,0,0,4,2,3,2,0,10077.820541057155,9167.630405166576,33.67,2021-04-19,Germany,,Plan 4
3,1,2,2,2,0,0,4,2,3,2,0,10421.44264753548,9465.39176477124,33.67,2021-04-20,Germany,,Plan 4
3,1,2,2,2,0,0,4,2,3,2,0,10779.621305936747,9778.739501496331,33.67,2021-04-21,Germany,,Plan 4
3,1,2,2,2,0,0,4,2,3,2,0,11152.353666343899,10107.249144905376,33.67,2021-04-22,Germany,,Plan 4
3,1,2,2,2,0,0,4,2,3,2,0,11539.717251425493,10450.652667179445,33.67,2021-04-23,Germany,,Plan 4
3,1,2,2,2,0,0,4,2,3,2,0,11941.857157484179,10808.809534372524,33.67,2021-04-24,Germany,,Plan 4
3,0,2,2,1,0,0,4,2,3,2,0,12425.648108236679,11191.208668288518,29.0,2021-04-25,Germany,,Plan 4
3,0,2,2,1,0,0,4,2,3,2,0,12984.379124394296,11606.431323050967,29.0,2021-04-26,Germany,,Plan 4
3,0,2,2,1,0,0,4,2,3,2,0,13606.928960404906,12061.500796318027,29.0,2021-04-27,Germany,,Plan 4
3,0,2,2,1,0,0,4,2,3,2,0,14289.21887376792,12562.87187743677,29.0,2021-04-28,Germany,,Plan 4
3,0,2,2,1,0,0,4,2,3,2,0,15029.887450533295,13116.80527517811,29.0,2021-04-29,Germany,,Plan 4
3,0,2,2,1,0,0,4,2,3,2,0,15828.828071926371,13729.535392392525,29.0,2021-04-30,Germany,,Plan 4
3,0,2,2,1,0,0,4,2,3,2,0,16686.662821824717,14407.3647730126,29.0,2021-05-01,Germany,,Plan 4
2,0,2,2,1,0,0,4,2,3,2,0,17717.107192613268,15163.287499352113,24.0,2021-05-02,Germany,,Plan 4
2,0,2,2,1,0,0,4,2,3,2,0,18932.226275450812,16012.979949503042,24.0,2021-05-03,Germany,,Plan 4
2,0,2,2,1,0,0,4,2,3,2,0,20317.583852725074,16971.644934120206,24.0,2021-05-04,Germany,,Plan 4
2,0,2,2,1,0,0,4,2,3,2,0,21873.35085316676,18055.09235974861,24.0,2021-05-05,Germany,,Plan 4
2,0,2,2,1,0,0,4,2,3,2,0,23605.57895899087,19280.191146671124,24.0,2021-05-06,Germany,,Plan 4
2,0,2,2,1,0,0,4,2,3,2,0,25523.347785288453,20665.12253429428,24.0,2021-05-07,Germany,,Plan 4
2,0,2,2,1,0,0,4,2,3,2,0,27637.806030707314,22229.571564134647,24.0,2021-05-08,Germany,,Plan 4
3,0,2,2,1,0,0,4,2,3,2,0,29786.329272366027,23953.74614695647,29.0,2021-05-09,Germany,,Plan 4
3,0,2,2,1,0,0,4,2,3,2,0,31947.17784566134,25813.02494270083,29.0,2021-05-10,Germany,,Plan 4
3,0,2,2,1,0,0,4,2,3,2,0,34155.15647102694,27789.821031029667,29.0,2021-05-11,Germany,,Plan 4
3,0,2,2,1,0,0,4,2,3,2,0,36428.104200608235,29869.0715092356,29.0,2021-05-12,Germany,,Plan 4
3,0,2,2,1,0,0,4,2,3,2,0,38778.40831602386,32036.618560240313,29.0,2021-05-13,Germany,,Plan 4
3,0,2,2,1,0,0,4,2,3,2,0,41216.527449794696,34278.50136945549,29.0,2021-05-14,Germany,,Plan 4
3,0,2,2,1,0,0,4,2,3,2,0,43752.08357477707,36580.54101860831,29.0,2021-05-15,Germany,,Plan 4
3,0,2,2,2,0,0,4,2,3,2,1,46310.659539327185,38941.15962817419,31.0,2021-05-16,Germany,,Plan 4
3,0,2,2,2,0,0,4,2,3,2,1,48890.73843092456,41361.66828321179,31.0,2021-05-17,Germany,,Plan 4
3,0,2,2,2,0,0,4,2,3,2,1,51514.997715396625,43841.645603836034,31.0,2021-05-18,Germany,,Plan 4
3,0,2,2,2,0,0,4,2,3,2,1,54196.977720608294,46380.056106693184,31.0,2021-05-19,Germany,,Plan 4
3,0,2,2,2,0,0,4,2,3,2,1,56946.76710974692,48975.53593436791,31.0,2021-05-20,Germany,,Plan 4
3,0,2,2,2,0,0,4,2,3,2,1,59772.817584420955,51626.4345250288,31.0,2021-05-21,Germany,,Plan 4
3,0,2,2,2,0,0,4,2,3,2,1,62682.557310015836,54330.7879157772,31.0,2021-05-22,Germany,,Plan 4
3,0,2,2,2,0,0,4,2,3,2,1,65682.62794012201,57098.211973033605,31.0,2021-05-23,Germany,,Plan 4
3,0,2,2,2,0,0,4,2,3,2,1,68778.99967897339,59939.39215132629,31.0,2021-05-24,Germany,,Plan 4
3,0,2,2,2,0,0,4,2,3,2,1,71977.04194471637,62862.54132694339,31.0,2021-05-25,Germany,,Plan 4
3,0,2,2,2,0,0,4,2,3,2,1,75281.57395977258,65874.62650396688,31.0,2021-05-26,Germany,,Plan 4
3,0,2,2,2,0,0,4,2,3,2,1,78696.90229449247,68981.78867321622,31.0,2021-05-27,Germany,,Plan 4
3,3,2,4,2,3,2,4,2,3,2,4,12952.997437283871,9282.78306921307,78.00999999999998,2021-03-28,Germany,,Plan 5
3,3,2,4,2,3,2,4,2,3,2,4,11132.245837656345,9282.78306921307,78.00999999999998,2021-03-29,Germany,,Plan 5
3,3,2,4,2,3,2,4,2,3,2,4,9893.554481955949,9282.78306921307,78.00999999999998,2021-03-30,Germany,,Plan 5
3,3,2,4,2,3,2,4,2,3,2,4,8915.609726937639,9282.78306921307,78.00999999999998,2021-03-31,Germany,,Plan 5
3,3,2,4,2,3,2,4,2,3,2,4,8079.085703262759,9282.78306921307,78.00999999999998,2021-04-01,Germany,,Plan 5
3,3,2,4,2,3,2,4,2,3,2,4,7337.0824904807605,9282.78306921307,78.00999999999998,2021-04-02,Germany,,Plan 5
3,3,2,4,2,3,2,4,2,3,2,4,6668.905806914157,9282.78306921307,78.00999999999998,2021-04-03,Germany,,Plan 5
3,3,2,4,2,3,2,4,2,3,2,4,6063.5594930634925,8298.577648610159,78.00999999999998,2021-04-04,Germany,,Plan 5
3,3,2,4,2,3,2,4,2,3,2,4,5513.829056635759,7495.946679892931,78.00999999999998,2021-04-05,Germany,,Plan 5
3,3,2,4,2,3,2,4,2,3,2,4,5014.1440241827395,6798.888043068188,78.00999999999998,2021-04-06,Germany,,Plan 5
3,3,2,4,2,3,2,4,2,3,2,4,4559.789439331259,6176.628001981561,78.00999999999998,2021-04-07,Germany,,Plan 5
3,3,2,4,2,3,2,4,2,3,2,4,4146.600863596143,5614.844453457758,78.00999999999998,2021-04-08,Germany,,Plan 5
3,3,2,4,2,3,2,4,2,3,2,4,3770.833729782183,5105.380344786534,78.00999999999998,2021-04-09,Germany,,Plan 5
3,3,2,4,2,3,2,4,2,3,2,4,3429.0967306805555,4642.550476753162,78.00999999999998,2021-04-10,Germany,,Plan 5
3,3,2,4,2,3,2,4,2,3,2,3,3121.850646094987,4222.306355757662,73.00999999999998,2021-04-11,Germany,,Plan 5
3,3,2,4,2,3,2,4,2,3,2,3,2844.045454658755,3840.908698332375,73.00999999999998,2021-04-12,Germany,,Plan 5
3,3,2,4,2,3,2,4,2,3,2,3,2592.1180176232965,3494.904983109597,73.00999999999998,2021-04-13,Germany,,Plan 5
3,3,2,4,2,3,2,4,2,3,2,3,2363.2633902090056,3181.1155475207033,73.00999999999998,2021-04-14,Germany,,Plan 5
3,3,2,4,2,3,2,4,2,3,2,3,2155.134003871075,2896.620281845694,73.00999999999998,2021-04-15,Germany,,Plan 5
3,3,2,4,2,3,2,4,2,3,2,3,1965.7012748319169,2638.744216852799,73.00999999999998,2021-04-16,Germany,,Plan 5
3,3,2,4,2,3,2,4,2,3,2,3,1793.182059348885,2405.0421209482747,73.00999999999998,2021-04-17,Germany,,Plan 5
3,3,2,4,2,3,2,4,2,3,2,3,1635.9933020456085,2192.776786084077,73.00999999999998,2021-04-18,Germany,,Plan 5
3,3,2,4,2,3,2,4,2,3,2,3,1492.7205238412494,1999.7303673958627,73.00999999999998,2021-04-19,Germany,,Plan 5
3,3,2,4,2,3,2,4,2,3,2,3,1362.0941017516493,1824.0126651284845,73.00999999999998,2021-04-20,Germany,,Plan 5
3,3,2,4,2,3,2,4,2,3,2,3,1242.9705174718595,1663.9708261660348,73.00999999999998,2021-04-21,Germany,,Plan 5
3,3,2,4,2,3,2,4,2,3,2,3,1134.3170643840174,1518.139834810741,73.00999999999998,2021-04-22,Germany,,Plan 5
3,3,2,4,2,3,2,4,2,3,2,3,1035.199144418989,1385.2109590374653,73.00999999999998,2021-04-23,Germany,,Plan 5
3,3,2,4,2,3,2,4,2,3,2,3,944.7694944971063,1264.0091640586395,73.00999999999998,2021-04-24,Germany,,Plan 5
3,3,2,4,2,3,1,4,2,3,2,2,865.9908838747526,1154.0088186056605,62.01,2021-04-25,Germany,,Plan 5
3,3,2,4,2,3,1,4,2,3,2,2,795.8755328424568,1054.4595341772617,62.01,2021-04-26,Germany,,Plan 5
3,3,2,4,2,3,1,4,2,3,2,2,732.7382030371474,964.5515486466184,62.01,2021-04-27,Germany,,Plan 5
3,3,2,4,2,3,1,4,2,3,2,2,675.4826112621419,883.481847759516,62.01,2021-04-28,Germany,,Plan 5
3,3,2,4,2,3,1,4,2,3,2,2,623.3147839227463,810.4815219793343,62.01,2021-04-29,Germany,,Plan 5
3,3,2,4,2,3,1,4,2,3,2,2,575.6187174463967,744.8271752689641,62.01,2021-04-30,Germany,,Plan 5
3,3,2,4,2,3,1,4,2,3,2,2,531.8960174479852,685.8452499762324,62.01,2021-05-01,Germany,,Plan 5
3,3,2,4,2,3,1,4,2,3,2,2,491.7325204390583,632.3797694854188,62.01,2021-05-02,Germany,,Plan 5
3,3,2,4,2,3,1,4,2,3,2,2,454.7775298789992,583.6514833477821,62.01,2021-05-03,Germany,,Plan 5
3,3,2,4,2,3,1,4,2,3,2,2,420.7297330845047,539.0788447831188,62.01,2021-05-04,Germany,,Plan 5
3,3,2,4,2,3,1,4,2,3,2,2,389.32711199853475,498.19948774546066,62.01,2021-05-05,Germany,,Plan 5
3,3,2,4,2,3,1,4,2,3,2,2,360.33947004380974,460.6315857627555,62.01,2021-05-06,Germany,,Plan 5
3,3,2,4,2,3,1,4,2,3,2,2,333.56277662817865,426.05216564586715,62.01,2021-05-07,Germany,,Plan 5
3,3,2,4,2,3,1,4,2,3,2,2,308.81482119690446,394.18342332428426,62.01,2021-05-08,Germany,,Plan 5
3,3,2,3,2,0,1,4,2,3,2,2,290.36024785413707,365.41595581215273,47.51,2021-05-09,Germany,,Plan 5
3,3,2,3,2,0,1,4,2,3,2,2,275.52326616535674,339.8082038530609,47.51,2021-05-10,Germany,,Plan 5
3,3,2,3,2,0,1,4,2,3,2,2,263.03852419913466,317.28088829800805,47.51,2021-05-11,Germany,,Plan 5
3,3,2,3,2,0,1,4,2,3,2,2,252.22642971271145,297.69507654289043,47.51,2021-05-12,Germany,,Plan 5
3,3,2,3,2,0,1,4,2,3,2,2,242.6717092530756,280.8853964299284,47.51,2021-05-13,Germany,,Plan 5
3,3,2,3,2,0,1,4,2,3,2,2,234.09400237074613,266.67557153600944,47.51,2021-05-14,Germany,,Plan 5
3,3,2,3,2,0,1,4,2,3,2,2,226.29169315064283,254.88655324368642,47.51,2021-05-15,Germany,,Plan 5
1,0,1,1,2,0,0,4,2,3,2,0,230.31605693587687,246.3088116839349,14.0,2021-05-16,Germany,,Plan 5
1,0,1,1,2,0,0,4,2,3,2,0,242.8484289844594,241.64097780094954,14.0,2021-05-17,Germany,,Plan 5
1,0,1,1,2,0,0,4,2,3,2,0,261.65796792794447,241.44375547649383,14.0,2021-05-18,Germany,,Plan 5
1,0,1,1,2,0,0,4,2,3,2,0,286.2849968978201,246.3092650743665,14.0,2021-05-19,Germany,,Plan 5
1,0,1,1,2,0,0,4,2,3,2,0,316.95203037945686,256.9207395209924,14.0,2021-05-20,Germany,,Plan 5
1,0,1,1,2,0,0,4,2,3,2,0,354.2081151986241,274.0798984964036,14.0,2021-05-21,Germany,,Plan 5
1,0,1,1,2,0,0,4,2,3,2,0,398.82268972430455,298.7271837212123,14.0,2021-05-22,Germany,,Plan 5
1,0,1,1,2,0,0,4,2,3,2,0,451.76227081205576,330.36235713209504,14.0,2021-05-23,Germany,,Plan 5
1,0,1,1,2,0,0,4,2,3,2,0,514.1961916731259,369.126323230476,14.0,2021-05-24,Germany,,Plan 5
1,0,1,1,2,0,0,4,2,3,2,0,587.5151261767867,415.6773458374534,14.0,2021-05-25,Germany,,Plan 5
1,0,1,1,2,0,0,4,2,3,2,0,673.3576186587022,470.9734346604367,14.0,2021-05-26,Germany,,Plan 5
1,0,1,1,2,0,0,4,2,3,2,0,773.6435579723428,536.2150814594204,14.0,2021-05-27,Germany,,Plan 5
3,3,2,4,2,3,2,4,2,3,2,3,13003.905655903873,9417.498656561347,73.00999999999998,2021-03-28,Germany,,Plan 6
3,3,2,4,2,3,2,4,2,3,2,3,11223.706259647874,9417.498656561347,73.00999999999998,2021-03-29,Germany,,Plan 6
3,3,2,4,2,3,2,4,2,3,2,3,10016.264678616832,9417.498656561347,73.00999999999998,2021-03-30,Germany,,Plan 6
3,3,2,4,2,3,2,4,2,3,2,3,9062.252356147486,9417.498656561347,73.00999999999998,2021-03-31,Germany,,Plan 6
3,3,2,4,2,3,2,4,2,3,2,3,8243.90960190546,9417.498656561347,73.00999999999998,2021-04-01,Germany,,Plan 6
3,3,2,4,2,3,2,4,2,3,2,3,7515.451659875564,9417.498656561347,73.00999999999998,2021-04-02,Germany,,Plan 6
3,3,2,4,2,3,2,4,2,3,2,3,6857.000383832346,9417.498656561347,73.00999999999998,2021-04-03,Germany,,Plan 6
3,3,2,4,2,3,1,4,2,3,2,3,6282.493426336241,8457.296909480257,65.00999999999999,2021-04-04,Germany,,Plan 6
3,3,2,4,2,3,1,4,2,3,2,3,5768.796361389791,7678.024066871961,65.00999999999999,2021-04-05,Germany,,Plan 6
3,3,2,4,2,3,1,4,2,3,2,3,5304.056903497559,7004.851527569206,65.00999999999999,2021-04-06,Germany,,Plan 6
3,3,2,4,2,3,1,4,2,3,2,3,4881.027459513431,6407.533685192912,65.00999999999999,2021-04-07,Germany,,Plan 6
3,3,2,4,2,3,1,4,2,3,2,3,4494.572878745435,5871.9141533129105,65.00999999999999,2021-04-08,Germany,,Plan 6
3,3,2,4,2,3,1,4,2,3,2,3,4140.688307632528,5389.8051029924745,65.00999999999999,2021-04-09,Germany,,Plan 6
3,3,2,4,2,3,1,4,2,3,2,3,3816.0736999324095,4955.387005292485,65.00999999999999,2021-04-10,Germany,,Plan 6
3,3,2,4,2,3,1,4,2,3,2,2,3521.8164446771016,4561.004579341179,62.01,2021-04-11,Germany,,Plan 6
3,3,2,4,2,3,1,4,2,3,2,2,3253.124837135105,4201.622933019082,62.01,2021-04-12,Germany,,Plan 6
3,3,2,4,2,3,1,4,2,3,2,2,3006.787237304645,3873.4415521343794,62.01,2021-04-13,Germany,,Plan 6
3,3,2,4,2,3,1,4,2,3,2,2,2780.3758517482947,3573.348465310788,62.01,2021-04-14,Germany,,Plan 6
3,3,2,4,2,3,1,4,2,3,2,2,2571.9177754340312,3298.6834505520164,62.01,2021-04-15,Germany,,Plan 6
3,3,2,4,2,3,1,4,2,3,2,2,2379.743479299328,3047.119903647274,62.01,2021-04-16,Germany,,Plan 6
3,3,2,4,2,3,1,4,2,3,2,2,2202.4066623742656,2816.5960411389674,62.01,2021-04-17,Germany,,Plan 6
3,3,2,4,2,3,1,4,2,3,2,2,2038.635614628276,2604.7130654177067,62.01,2021-04-18,Germany,,Plan 6
3,3,2,4,2,3,1,4,2,3,2,2,1887.3003555335504,2409.5952823317707,62.01,2021-04-19,Germany,,Plan 6
3,3,2,4,2,3,1,4,2,3,2,2,1747.3887953671679,2229.6812191978447,62.01,2021-04-20,Germany,,Plan 6
3,3,2,4,2,3,1,4,2,3,2,2,1617.9886785383444,2063.6259087392805,62.01,2021-04-21,Germany,,Plan 6
3,3,2,4,2,3,1,4,2,3,2,2,1498.2734814440862,1910.2481524550024,62.01,2021-04-22,Germany,,Plan 6
3,3,2,4,2,3,1,4,2,3,2,2,1387.491199901056,1768.4978268266782,62.01,2021-04-23,Germany,,Plan 6
3,3,2,4,2,3,1,4,2,3,2,2,1284.9552727575806,1637.433342595723,62.01,2021-04-24,Germany,,Plan 6
3,3,2,4,2,0,1,4,2,3,2,1,1205.8307187279934,1518.4612146099682,49.01,2021-04-25,Germany,,Plan 6
3,3,2,4,2,0,1,4,2,3,2,1,1140.497564456244,1411.7751015989245,49.01,2021-04-26,Germany,,Plan 6
3,3,2,4,2,0,1,4,2,3,2,1,1084.3469606684669,1317.0548394991106,49.01,2021-04-27,Germany,,Plan 6
3,3,2,4,2,0,1,4,2,3,2,1,1034.8633882586257,1233.7512266020074,49.01,2021-04-28,Germany,,Plan 6
3,3,2,4,2,0,1,4,2,3,2,1,990.4879521931964,1161.210436709023,49.01,2021-04-29,Germany,,Plan 6
3,3,2,4,2,0,1,4,2,3,2,1,950.157745836675,1098.7342289855403,49.01,2021-04-30,Germany,,Plan 6
3,3,2,4,2,0,1,4,2,3,2,1,913.1033151922363,1045.6125207619195,49.01,2021-05-01,Germany,,Plan 6
3,3,2,3,2,0,1,4,2,3,2,2,880.5696417849232,999.1466526271953,47.51,2021-05-02,Germany,,Plan 6
3,3,2,3,2,0,1,4,2,3,2,2,851.2107157850511,957.819959959882,47.51,2021-05-03,Germany,,Plan 6
3,3,2,3,2,0,1,4,2,3,2,2,824.2669663856874,920.6656750623422,47.51,2021-05-04,Germany,,Plan 6
3,3,2,3,2,0,1,4,2,3,2,2,799.2478018513724,887.0063055755917,47.51,2021-05-05,Germany,,Plan 6
3,3,2,3,2,0,1,4,2,3,2,2,775.8060664412487,856.3374647538849,47.51,2021-05-06,Germany,,Plan 6
3,3,2,3,2,0,1,4,2,3,2,2,753.682914470612,828.2696317015901,47.51,2021-05-07,Germany,,Plan 6
3,3,2,3,2,0,1,4,2,3,2,2,732.6798060170178,802.494844676559,47.51,2021-05-08,Germany,,Plan 6
3,0,2,2,1,0,0,4,2,3,2,0,730.2712652472007,781.0236480283129,29.0,2021-05-09,Germany,,Plan 6
3,0,2,2,1,0,0,4,2,3,2,0,739.2185638635344,765.0247691823819,29.0,2021-05-10,Germany,,Plan 6
3,0,2,2,1,0,0,4,2,3,2,0,755.9067936371097,755.2590302182996,29.0,2021-05-11,Germany,,Plan 6
3,0,2,2,1,0,0,4,2,3,2,0,778.7019604277446,752.3239100149242,29.0,2021-05-12,Germany,,Plan 6
3,0,2,2,1,0,0,4,2,3,2,0,806.7601088705412,756.7459160762517,29.0,2021-05-13,Germany,,Plan 6
3,0,2,2,1,0,0,4,2,3,2,0,839.5907405504422,769.0184626590843,29.0,2021-05-14,Germany,,Plan 6
3,0,2,2,1,0,0,4,2,3,2,0,876.8900792338077,789.619930261483,29.0,2021-05-15,Germany,,Plan 6
1,0,1,1,2,0,0,4,2,3,2,0,938.0906883516741,819.3084192764078,14.0,2021-05-16,Germany,,Plan 6
1,0,1,1,2,0,0,4,2,3,2,0,1024.3684938991657,860.0441235672122,14.0,2021-05-17,Germany,,Plan 6
1,0,1,1,2,0,0,4,2,3,2,0,1133.5855612011344,913.9982332192156,14.0,2021-05-18,Germany,,Plan 6
1,0,1,1,2,0,0,4,2,3,2,0,1266.768139599138,983.7219731008432,14.0,2021-05-19,Germany,,Plan 6
1,0,1,1,2,0,0,4,2,3,2,0,1426.3712045657376,1072.2378439144431,14.0,2021-05-20,Germany,,Plan 6
1,0,1,1,2,0,0,4,2,3,2,0,1615.7546809057633,1183.118406822346,14.0,2021-05-21,Germany,,Plan 6
1,0,1,1,2,0,0,4,2,3,2,0,1839.0637344358536,1320.5717861369235,14.0,2021-05-22,Germany,,Plan 6
1,0,1,1,2,0,0,4,2,3,2,0,2101.250357718367,1486.7374531893086,14.0,2021-05-23,Germany,,Plan 6
1,0,1,1,2,0,0,4,2,3,2,0,2408.1536056436626,1684.4210405813794,14.0,2021-05-24,Germany,,Plan 6
1,0,1,1,2,0,0,4,2,3,2,0,2766.613574346921,1917.7107567450635,14.0,2021-05-25,Germany,,Plan 6
1,0,1,1,2,0,0,4,2,3,2,0,3184.6129237257396,2191.688583048864,14.0,2021-05-26,Germany,,Plan 6
1,0,1,1,2,0,0,4,2,3,2,0,3671.445852050325,2512.413532689519,14.0,2021-05-27,Germany,,Plan 6
3,3,2,4,2,2,1,4,2,3,2,0,13506.765648814273,10833.412929287037,56.01,2021-03-28,Germany,,Plan 7
3,3,2,4,2,2,1,4,2,3,2,0,12138.813113839626,10833.412929287037,56.01,2021-03-29,Germany,,Plan 7
3,3,2,4,2,2,1,4,2,3,2,0,11264.200087228037,10833.412929287037,56.01,2021-03-30,Germany,,Plan 7
3,3,2,4,2,2,1,4,2,3,2,0,10580.9108001437,10833.412929287037,56.01,2021-03-31,Germany,,Plan 7
3,3,2,4,2,2,1,4,2,3,2,0,9983.90983410653,10833.412929287037,56.01,2021-04-01,Germany,,Plan 7
3,3,2,4,2,2,1,4,2,3,2,0,9435.984044155228,10833.412929287037,56.01,2021-04-02,Germany,,Plan 7
3,3,2,4,2,2,1,4,2,3,2,0,8923.306976721859,10833.412929287037,56.01,2021-04-03,Germany,,Plan 7
3,3,2,2,2,0,1,4,2,3,2,1,8572.909564896421,10128.5763458702,44.01,2021-04-04,Germany,,Plan 7
3,3,2,2,2,0,1,4,2,3,2,1,8303.885756698246,9580.729580564288,44.01,2021-04-05,Germany,,Plan 7
3,3,2,2,2,0,1,4,2,3,2,1,8082.819985989438,9126.246708958775,44.01,2021-04-06,Germany,,Plan 7
3,3,2,2,2,0,1,4,2,3,2,1,7893.919083614415,8742.390749454591,44.01,2021-04-07,Germany,,Plan 7
3,3,2,2,2,0,1,4,2,3,2,1,7728.388396106992,8420.173401168942,44.01,2021-04-08,Germany,,Plan 7
3,3,2,2,2,0,1,4,2,3,2,1,7580.589191138621,8155.116993595142,44.01,2021-04-09,Germany,,Plan 7
3,3,2,2,2,0,1,4,2,3,2,1,7446.558878453017,7944.152979556735,44.01,2021-04-10,Germany,,Plan 7
3,2,2,2,2,0,1,4,2,3,2,0,7370.524955809555,7772.383749687184,39.34,2021-04-11,Germany,,Plan 7
3,2,2,2,2,0,1,4,2,3,2,0,7328.902411884148,7633.100414713742,39.34,2021-04-12,Germany,,Plan 7
3,2,2,2,2,0,1,4,2,3,2,0,7310.629516311065,7522.787490473974,39.34,2021-04-13,Germany,,Plan 7
3,2,2,2,2,0,1,4,2,3,2,0,7309.583330224613,7439.310954275431,39.34,2021-04-14,Germany,,Plan 7
3,2,2,2,2,0,1,4,2,3,2,0,7321.828604471382,7381.230984041771,39.34,2021-04-15,Germany,,Plan 7
3,2,2,2,2,0,1,4,2,3,2,0,7344.567195296047,7347.513556064259,39.34,2021-04-16,Germany,,Plan 7
3,2,2,2,2,0,1,4,2,3,2,0,7375.693801038997,7337.389973576544,39.34,2021-04-17,Germany,,Plan 7
3,1,2,2,2,0,1,4,2,3,2,0,7451.351853335944,7348.936673223171,35.67,2021-04-18,Germany,,Plan 7
3,1,2,2,2,0,1,4,2,3,2,0,7555.539414490929,7381.313387881281,35.67,2021-04-19,Germany,,Plan 7
3,1,2,2,2,0,1,4,2,3,2,0,7680.9403521687145,7434.214935860948,35.67,2021-04-20,Germany,,Plan 7
3,1,2,2,2,0,1,4,2,3,2,0,7823.555733386078,7507.6395648840125,35.67,2021-04-21,Germany,,Plan 7
3,1,2,2,2,0,1,4,2,3,2,0,7980.818410546981,7601.780965751956,35.67,2021-04-22,Germany,,Plan 7
3,1,2,2,2,0,1,4,2,3,2,0,8150.896448903044,7716.970859124383,35.67,2021-04-23,Germany,,Plan 7
3,1,2,2,2,0,1,4,2,3,2,0,8332.408153040076,7853.64433798168,35.67,2021-04-24,Germany,,Plan 7
3,0,2,2,2,0,0,4,2,3,2,0,8582.337582140357,8015.213727810881,30.0,2021-04-25,Germany,,Plan 7
3,0,2,2,2,0,0,4,2,3,2,0,8885.804771689593,8205.25163598212,30.0,2021-04-26,Germany,,Plan 7
3,0,2,2,2,0,0,4,2,3,2,0,9232.757494735994,8426.939799206017,30.0,2021-04-27,Germany,,Plan 7
3,0,2,2,2,0,0,4,2,3,2,0,9618.701902410776,8683.389251923829,30.0,2021-04-28,Germany,,Plan 7
3,0,2,2,2,0,0,4,2,3,2,0,10041.37342762508,8977.754254363559,30.0,2021-04-29,Germany,,Plan 7
3,0,2,2,2,0,0,4,2,3,2,0,10499.569068387957,9313.278914289976,30.0,2021-04-30,Germany,,Plan 7
3,0,2,2,2,0,0,4,2,3,2,0,10992.706743457808,9693.321570063938,30.0,2021-05-01,Germany,,Plan 7
3,0,2,2,2,0,0,4,2,3,2,0,11520.635565588025,10113.078424842177,30.0,2021-05-02,Germany,,Plan 7
3,0,2,2,2,0,0,4,2,3,2,0,12083.538412543729,10569.897516392766,30.0,2021-05-03,Germany,,Plan 7
3,0,2,2,2,0,0,4,2,3,2,0,12681.872701219676,11062.628260176147,30.0,2021-05-04,Germany,,Plan 7
3,0,2,2,2,0,0,4,2,3,2,0,13316.329669306231,11590.860798304073,30.0,2021-05-05,Germany,,Plan 7
3,0,2,2,2,0,0,4,2,3,2,0,13987.804456358594,12154.636659551716,30.0,2021-05-06,Germany,,Plan 7
3,0,2,2,2,0,0,4,2,3,2,0,14697.37326146299,12754.32297284815,30.0,2021-05-07,Germany,,Plan 7
3,0,2,2,2,0,0,4,2,3,2,0,15446.27559699448,13390.547094781961,30.0,2021-05-08,Germany,,Plan 7
3,0,2,2,2,0,0,4,2,3,2,0,16235.900394836077,14064.15635610311,30.0,2021-05-09,Germany,,Plan 7
3,0,2,2,2,0,0,4,2,3,2,0,17067.77502617785,14776.190158050844,30.0,2021-05-10,Germany,,Plan 7
3,0,2,2,2,0,0,4,2,3,2,0,17943.556599565538,15527.859286385967,30.0,2021-05-11,Germany,,Plan 7
3,0,2,2,2,0,0,4,2,3,2,0,18865.025111054725,16320.530063778608,30.0,2021-05-12,Germany,,Plan 7
3,0,2,2,2,0,0,4,2,3,2,0,19834.07793541103,17155.711989357525,30.0,2021-05-13,Germany,,Plan 7
3,0,2,2,2,0,0,4,2,3,2,0,20852.725402320368,18035.04800948001,30.0,2021-05-14,Germany,,Plan 7
3,0,2,2,2,0,0,4,2,3,2,0,21923.08721545116,18960.30681211668,30.0,2021-05-15,Germany,,Plan 7
2,0,2,2,2,0,0,4,2,3,2,0,23195.66785425764,19954.55930631976,25.0,2021-05-16,Germany,,Plan 7
2,0,2,2,2,0,0,4,2,3,2,0,24685.180029642383,21042.760021100406,25.0,2021-05-17,Germany,,Plan 7
2,0,2,2,2,0,0,4,2,3,2,0,26370.507580478647,22246.61016123085,25.0,2021-05-18,Germany,,Plan 7
2,0,2,2,2,0,0,4,2,3,2,0,28249.073041264317,23587.188436975084,25.0,2021-05-19,Germany,,Plan 7
2,0,2,2,2,0,0,4,2,3,2,0,30325.47090623573,25085.958861378607,25.0,2021-05-20,Germany,,Plan 7
2,0,2,2,2,0,0,4,2,3,2,0,32607.74195302727,26765.246940051027,25.0,2021-05-21,Germany,,Plan 7
2,0,2,2,2,0,0,4,2,3,2,0,35106.10288584545,28648.534892964493,25.0,2021-05-22,Germany,,Plan 7
2,0,2,2,2,0,0,4,2,3,2,0,37832.484851568835,30739.508749723238,25.0,2021-05-23,Germany,,Plan 7
2,0,2,2,2,0,0,4,2,3,2,0,40800.34558629331,33041.67525781622,25.0,2021-05-24,Germany,,Plan 7
2,0,2,2,2,0,0,4,2,3,2,0,44024.58138574662,35563.685801425934,25.0,2021-05-25,Germany,,Plan 7
2,0,2,2,2,0,0,4,2,3,2,0,47521.47993672606,38316.88678649189,25.0,2021-05-26,Germany,,Plan 7
2,0,2,2,2,0,0,4,2,3,2,0,51308.690622077214,41314.489603040674,25.0,2021-05-27,Germany,,Plan 7
3,3,2,4,2,2,1,4,2,3,2,2,13403.78428940968,10530.492785154016,58.01,2021-03-28,Germany,,Plan 8
3,3,2,4,2,2,1,4,2,3,2,2,11949.68210881633,10530.492785154016,58.01,2021-03-29,Germany,,Plan 8
3,3,2,4,2,2,1,4,2,3,2,2,11003.308625495709,10530.492785154016,58.01,2021-03-30,Germany,,Plan 8
3,3,2,4,2,2,1,4,2,3,2,2,10259.397410096779,10530.492785154016,58.01,2021-03-31,Germany,,Plan 8
3,3,2,4,2,2,1,4,2,3,2,2,9610.674171118688,10530.492785154016,58.01,2021-04-01,Germany,,Plan 8
3,3,2,4,2,2,1,4,2,3,2,2,9018.503359605482,10530.492785154016,58.01,2021-04-02,Germany,,Plan 8
3,3,2,4,2,2,1,4,2,3,2,2,8468.099531535441,10530.492785154016,58.01,2021-04-03,Germany,,Plan 8
3,1,2,2,2,0,0,4,2,3,2,0,8248.458137473666,9794.017620591729,33.67,2021-04-04,Germany,,Plan 8
3,1,2,2,2,0,0,4,2,3,2,0,8183.33078559064,9255.96743155949,33.67,2021-04-05,Germany,,Plan 8
3,1,2,2,2,0,0,4,2,3,2,0,8205.707343406842,8856.31010554679,33.67,2021-04-06,Germany,,Plan 8
3,1,2,2,2,0,0,4,2,3,2,0,8287.501918790535,8574.610749645899,33.67,2021-04-07,Germany,,Plan 8
3,1,2,2,2,0,0,4,2,3,2,0,8414.76702496751,8403.766871624302,33.67,2021-04-08,Germany,,Plan 8
3,1,2,2,2,0,0,4,2,3,2,0,8579.20073440022,8341.009353737836,33.67,2021-04-09,Germany,,Plan 8
3,1,2,2,2,0,0,4,2,3,2,0,8775.175270365957,8384.877316427908,33.67,2021-04-10,Germany,,Plan 8
3,1,2,2,2,0,0,4,2,3,2,0,8998.601316715467,8492.040627748167,33.67,2021-04-11,Germany,,Plan 8
3,1,2,2,2,0,0,4,2,3,2,0,9246.41481183988,8643.909774355201,33.67,2021-04-12,Germany,,Plan 8
3,1,2,2,2,0,0,4,2,3,2,0,9516.294407853216,8831.136497847541,33.67,2021-04-13,Germany,,Plan 8
3,1,2,2,2,0,0,4,2,3,2,0,9806.480399623611,9048.133423680836,33.67,2021-04-14,Germany,,Plan 8
3,1,2,2,2,0,0,4,2,3,2,0,10115.647289031924,9291.11631854718,33.67,2021-04-15,Germany,,Plan 8
3,1,2,2,2,0,0,4,2,3,2,0,10442.810208531695,9557.346243423106,33.67,2021-04-16,Germany,,Plan 8
3,1,2,2,2,0,0,4,2,3,2,0,10787.254554348396,9844.786141134884,33.67,2021-04-17,Germany,,Plan 8
3,1,2,2,2,0,0,4,2,3,2,0,11148.48228067213,10151.911993128691,33.67,2021-04-18,Germany,,Plan 8
3,1,2,2,2,0,0,4,2,3,2,0,11526.17051804208,10477.591379729007,33.67,2021-04-19,Germany,,Plan 8
3,1,2,2,2,0,0,4,2,3,2,0,11920.139299048367,10820.997792756883,33.67,2021-04-20,Germany,,Plan 8
3,1,2,2,2,0,0,4,2,3,2,0,12330.326208429275,11181.547194014838,33.67,2021-04-21,Germany,,Plan 8
3,1,2,2,2,0,0,4,2,3,2,0,12756.766289471938,11558.849908363409,33.67,2021-04-22,Germany,,Plan 8
3,1,2,2,2,0,0,4,2,3,2,0,13199.575970224187,11952.673588605192,33.67,2021-04-23,Germany,,Plan 8
3,1,2,2,2,0,0,4,2,3,2,0,13658.940166816077,12362.914390386297,33.67,2021-04-24,Germany,,Plan 8
3,1,2,2,1,0,0,4,2,3,2,0,14160.679740875183,12793.228313272444,32.67,2021-04-25,Germany,,Plan 8
3,1,2,2,1,0,0,4,2,3,2,0,14697.008514997111,13246.205169980307,32.67,2021-04-26,Germany,,Plan 8
3,1,2,2,1,0,0,4,2,3,2,0,15265.087668631917,13724.054937063669,32.67,2021-04-27,Germany,,Plan 8
3,1,2,2,1,0,0,4,2,3,2,0,15863.842491486172,14228.842977500368,32.67,2021-04-28,Germany,,Plan 8
3,1,2,2,1,0,0,4,2,3,2,0,16492.913793027743,14762.578335151196,32.67,2021-04-29,Germany,,Plan 8
3,1,2,2,1,0,0,4,2,3,2,0,17152.298564791505,15327.252991517958,32.67,2021-04-30,Germany,,Plan 8
3,1,2,2,1,0,0,4,2,3,2,0,17842.21557310916,15924.86376384554,32.67,2021-05-01,Germany,,Plan 8
1,0,2,2,1,0,0,4,2,3,2,0,18874.64172738368,16598.286904775327,19.0,2021-05-02,Germany,,Plan 8
1,0,2,2,1,0,0,4,2,3,2,0,20262.77708808403,17393.3967009306,19.0,2021-05-03,Germany,,Plan 8
1,0,2,2,1,0,0,4,2,3,2,0,21960.171434483203,18349.83723890936,19.0,2021-05-04,Germany,,Plan 8
1,0,2,2,1,0,0,4,2,3,2,0,23964.135449285503,19507.02194716641,19.0,2021-05-05,Germany,,Plan 8
1,0,2,2,1,0,0,4,2,3,2,0,26289.523991607315,20906.537689820627,19.0,2021-05-06,Germany,,Plan 8
1,0,2,2,1,0,0,4,2,3,2,0,28960.193655203322,22593.379845593747,19.0,2021-05-07,Germany,,Plan 8
1,0,2,2,1,0,0,4,2,3,2,0,32006.259092991488,24616.814634148363,19.0,2021-05-08,Germany,,Plan 8
1,0,2,2,1,0,0,4,2,3,2,0,35463.28149641863,26986.620315439068,19.0,2021-05-09,Germany,,Plan 8
1,0,2,2,1,0,0,4,2,3,2,0,39372.13171714846,29716.528119591134,19.0,2021-05-10,Germany,,Plan 8
1,0,2,2,1,0,0,4,2,3,2,0,43779.12030215515,32833.520814972835,19.0,2021-05-11,Germany,,Plan 8
1,0,2,2,1,0,0,4,2,3,2,0,48736.249011428314,36372.39418099324,19.0,2021-05-12,Germany,,Plan 8
1,0,2,2,1,0,0,4,2,3,2,0,54301.53177454691,40374.10957855603,19.0,2021-05-13,Germany,,Plan 8
1,0,2,2,1,0,0,4,2,3,2,0,60539.35387249659,44885.418181026515,19.0,2021-05-14,Germany,,Plan 8
1,0,2,2,1,0,0,4,2,3,2,0,67520.84832698082,49958.93092873927,19.0,2021-05-15,Germany,,Plan 8
3,2,2,2,2,0,0,4,2,3,2,0,73899.33293358923,55449.795419763635,37.34,2021-05-16,Germany,,Plan 8
3,2,2,2,2,0,0,4,2,3,2,0,79476.09602161487,61178.93317754455,37.34,2021-05-17,Germany,,Plan 8
3,2,2,2,2,0,0,4,2,3,2,0,84415.31255047218,66984.1034987327,37.34,2021-05-18,Germany,,Plan 8
3,2,2,2,2,0,0,4,2,3,2,0,88801.14701447902,72707.66035631137,37.34,2021-05-19,Germany,,Plan 8
3,2,2,2,2,0,0,4,2,3,2,0,92698.6224212542,78192.95902012671,37.34,2021-05-20,Germany,,Plan 8
3,2,2,2,2,0,0,4,2,3,2,0,96167.41447092,83282.68196275862,37.34,2021-05-21,Germany,,Plan 8
3,2,2,2,2,0,0,4,2,3,2,0,99263.3925131508,87817.33113221148,37.34,2021-05-22,Germany,,Plan 8
3,2,2,2,2,0,0,4,2,3,2,0,102037.70495493988,91837.098563833,37.34,2021-05-23,Germany,,Plan 8
3,2,2,2,2,0,0,4,2,3,2,0,104535.92170137151,95417.07366094108,37.34,2021-05-24,Germany,,Plan 8
3,2,2,2,2,0,0,4,2,3,2,0,106797.7057050632,98614.55839731124,37.34,2021-05-25,Germany,,Plan 8
3,2,2,2,2,0,0,4,2,3,2,0,108856.9327872549,101479.67065056492,37.34,2021-05-26,Germany,,Plan 8
3,2,2,2,2,0,0,4,2,3,2,0,110742.10500008892,104057.31101896988,37.34,2021-05-27,Germany,,Plan 8
3,3,2,4,2,3,2,4,2,3,2,4,12952.997437283871,9282.78306921307,78.00999999999998,2021-03-28,Germany,,Plan 9
3,3,2,4,2,3,2,4,2,3,2,4,11132.245837656345,9282.78306921307,78.00999999999998,2021-03-29,Germany,,Plan 9
3,3,2,4,2,3,2,4,2,3,2,4,9893.554481955949,9282.78306921307,78.00999999999998,2021-03-30,Germany,,Plan 9
3,3,2,4,2,3,2,4,2,3,2,4,8915.609726937639,9282.78306921307,78.00999999999998,2021-03-31,Germany,,Plan 9
3,3,2,4,2,3,2,4,2,3,2,4,8079.085703262759,9282.78306921307,78.00999999999998,2021-04-01,Germany,,Plan 9
3,3,2,4,2,3,2,4,2,3,2,4,7337.0824904807605,9282.78306921307,78.00999999999998,2021-04-02,Germany,,Plan 9
3,3,2,4,2,3,2,4,2,3,2,4,6668.905806914157,9282.78306921307,78.00999999999998,2021-04-03,Germany,,Plan 9
3,3,2,4,2,3,2,4,2,3,2,4,6063.5594930634925,8298.577648610159,78.00999999999998,2021-04-04,Germany,,Plan 9
3,3,2,4,2,3,2,4,2,3,2,4,5513.829056635759,7495.946679892931,78.00999999999998,2021-04-05,Germany,,Plan 9
3,3,2,4,2,3,2,4,2,3,2,4,5014.1440241827395,6798.888043068188,78.00999999999998,2021-04-06,Germany,,Plan 9
3,3,2,4,2,3,2,4,2,3,2,4,4559.789439331259,6176.628001981561,78.00999999999998,2021-04-07,Germany,,Plan 9
3,3,2,4,2,3,2,4,2,3,2,4,4146.600863596143,5614.844453457758,78.00999999999998,2021-04-08,Germany,,Plan 9
3,3,2,4,2,3,2,4,2,3,2,4,3770.833729782183,5105.380344786534,78.00999999999998,2021-04-09,Germany,,Plan 9
3,3,2,4,2,3,2,4,2,3,2,4,3429.0967306805555,4642.550476753162,78.00999999999998,2021-04-10,Germany,,Plan 9
3,3,2,4,2,3,2,4,2,3,2,4,3118.3098655883514,4221.800529970999,78.00999999999998,2021-04-11,Germany,,Plan 9
3,3,2,4,2,3,2,4,2,3,2,4,2835.672865523773,3839.2067883835716,78.00999999999998,2021-04-12,Germany,,Plan 9
3,3,2,4,2,3,2,4,2,3,2,4,2578.6387944001503,3491.2774698432013,78.00999999999998,2021-04-13,Germany,,Plan 9
3,3,2,4,2,3,2,4,2,3,2,4,2344.890840731846,3174.8633843290004,78.00999999999998,2021-04-14,Germany,,Plan 9
3,3,2,4,2,3,2,4,2,3,2,4,2132.3214748726887,2887.1091859399353,78.00999999999998,2021-04-15,Germany,,Plan 9
3,3,2,4,2,3,2,4,2,3,2,4,1939.0135702917426,2625.420591727016,78.00999999999998,2021-04-16,Germany,,Plan 9
3,3,2,4,2,3,2,4,2,3,2,4,1763.2232474254538,2387.438665547715,78.00999999999998,2021-04-17,Germany,,Plan 9
3,3,2,4,2,3,2,4,2,3,2,3,1605.1337341872281,2171.270646776126,73.00999999999998,2021-04-18,Germany,,Plan 9
3,3,2,4,2,3,2,4,2,3,2,3,1462.1944861790446,1975.0594497268792,73.00999999999998,2021-04-19,Germany,,Plan 9
3,3,2,4,2,3,2,4,2,3,2,3,1332.584368555625,1797.0516746062326,73.00999999999998,2021-04-20,Germany,,Plan 9
3,3,2,4,2,3,2,4,2,3,2,3,1214.8605711329574,1635.6187789492483,73.00999999999998,2021-04-21,Germany,,Plan 9
3,3,2,4,2,3,2,4,2,3,2,3,1107.8122456536105,1489.2603176322373,73.00999999999998,2021-04-22,Germany,,Plan 9
3,3,2,4,2,3,2,4,2,3,2,3,1010.3921763954584,1356.6001185041964,73.00999999999998,2021-04-23,Germany,,Plan 9
3,3,2,4,2,3,2,4,2,3,2,3,921.679838831242,1236.3796315621664,73.00999999999998,2021-04-24,Germany,,Plan 9
3,3,2,4,2,3,2,4,2,3,2,4,839.9415105679035,1127.0664567594058,78.00999999999998,2021-04-25,Germany,,Plan 9
3,3,2,4,2,3,2,4,2,3,2,4,765.0151616918613,1027.4694104040939,78.00999999999998,2021-04-26,Germany,,Plan 9
3,3,2,4,2,3,2,4,2,3,2,4,696.5097684325177,936.6016103865072,78.00999999999998,2021-04-27,Germany,,Plan 9
3,3,2,4,2,3,2,4,2,3,2,4,633.9671415975985,853.6168347385986,78.00999999999998,2021-04-28,Germany,,Plan 9
3,3,2,4,2,3,2,4,2,3,2,4,576.9223954858193,777.7754275717715,78.00999999999998,2021-04-29,Germany,,Plan 9
3,3,2,4,2,3,2,4,2,3,2,4,524.927047692741,708.4232663285263,78.00999999999998,2021-04-30,Germany,,Plan 9
3,3,2,4,2,3,2,4,2,3,2,4,477.5578524736473,644.9772682774412,78.00999999999998,2021-05-01,Germany,,Plan 9
3,3,2,4,2,3,2,4,2,3,2,3,434.8953174031134,587.1135263967569,73.00999999999998,2021-05-02,Germany,,Plan 9
3,3,2,4,2,3,2,4,2,3,2,3,396.2774079799426,534.4367044379114,73.00999999999998,2021-05-03,Germany,,Plan 9
3,3,2,4,2,3,2,4,2,3,2,3,361.2296268904065,486.5395413604669,73.00999999999998,2021-05-04,Germany,,Plan 9
3,3,2,4,2,3,2,4,2,3,2,3,329.3738922306089,443.0262200223256,73.00999999999998,2021-05-05,Germany,,Plan 9
3,3,2,4,2,3,2,4,2,3,2,3,300.39103961159736,403.52174061172246,73.00999999999998,2021-05-06,Germany,,Plan 9
3,3,2,4,2,3,2,4,2,3,2,3,274.00358323034493,367.6755314028087,73.00999999999998,2021-05-07,Germany,,Plan 9
3,3,2,4,2,3,2,4,2,3,2,3,249.96651814796857,335.1624836419975,73.00999999999998,2021-05-08,Germany,,Plan 9
3,3,2,4,2,3,2,4,2,3,2,2,228.30987378699558,305.6502774111235,70.00999999999999,2021-05-09,Germany,,Plan 9
3,3,2,4,2,3,2,4,2,3,2,2,208.6850608523999,278.8513706786174,70.00999999999999,2021-05-10,Germany,,Plan 9
3,3,2,4,2,3,2,4,2,3,2,2,190.84547286463618,254.51077724636448,70.00999999999999,2021-05-11,Germany,,Plan 9
3,3,2,4,2,3,2,4,2,3,2,2,174.59737548823776,232.3998462831686,70.00999999999999,2021-05-12,Germany,,Plan 9
3,3,2,4,2,3,2,4,2,3,2,2,159.77929811212246,212.31245464038648,70.00999999999999,2021-05-13,Germany,,Plan 9
3,3,2,4,2,3,2,4,2,3,2,2,146.2523327155368,194.06227599541398,70.00999999999999,2021-05-14,Germany,,Plan 9
3,3,2,4,2,3,2,4,2,3,2,2,133.89485569921777,177.48060993130662,70.00999999999999,2021-05-15,Germany,,Plan 9
3,0,2,2,2,0,0,4,2,3,2,1,128.03753015484128,163.15598941242746,31.0,2021-05-16,Germany,,Plan 9
3,0,2,2,2,0,0,4,2,3,2,1,125.53317425027586,151.27714846926688,31.0,2021-05-17,Germany,,Plan 9
3,0,2,2,2,0,0,4,2,3,2,1,125.0255903649438,141.87430811216797,31.0,2021-05-18,Germany,,Plan 9
3,0,2,2,2,0,0,4,2,3,2,1,125.90921578829037,134.9188567264612,31.0,2021-05-19,Germany,,Plan 9
3,0,2,2,2,0,0,4,2,3,2,1,127.87456383234777,130.36103754363623,31.0,2021-05-20,Germany,,Plan 9
3,0,2,2,2,0,0,4,2,3,2,1,130.738367810077,128.14475684285622,31.0,2021-05-21,Germany,,Plan 9
3,0,2,2,2,0,0,4,2,3,2,1,134.37943573139418,128.21398256173862,31.0,2021-05-22,Germany,,Plan 9
3,0,2,2,2,0,0,4,2,3,2,1,138.7126030104616,129.73899296968438,31.0,2021-05-23,Germany,,Plan 9
3,0,2,2,2,0,0,4,2,3,2,1,143.67660705186967,132.33091194134064,31.0,2021-05-24,Germany,,Plan 9
3,0,2,2,2,0,0,4,2,3,2,1,149.22743405446124,135.7883181827003,31.0,2021-05-25,Germany,,Plan 9
3,0,2,2,2,0,0,4,2,3,2,1,155.33413128253892,139.9918775390215,31.0,2021-05-26,Germany,,Plan 9
3,0,2,2,2,0,0,4,2,3,2,1,161.97593543981012,144.86350205437324,31.0,2021-05-27,Germany,,Plan 9
3,3,2,4,2,3,2,4,2,3,2,3,13003.905655903873,9417.498656561347,73.00999999999998,2021-03-28,Germany,,Plan 10
3,3,2,4,2,3,2,4,2,3,2,3,11223.706259647874,9417.498656561347,73.00999999999998,2021-03-29,Germany,,Plan 10
3,3,2,4,2,3,2,4,2,3,2,3,10016.264678616832,9417.498656561347,73.00999999999998,2021-03-30,Germany,,Plan 10
3,3,2,4,2,3,2,4,2,3,2,3,9062.252356147486,9417.498656561347,73.00999999999998,2021-03-31,Germany,,Plan 10
3,3,2,4,2,3,2,4,2,3,2,3,8243.90960190546,9417.498656561347,73.00999999999998,2021-04-01,Germany,,Plan 10
3,3,2,4,2,3,2,4,2,3,2,3,7515.451659875564,9417.498656561347,73.00999999999998,2021-04-02,Germany,,Plan 10
3,3,2,4,2,3,2,4,2,3,2,3,6857.000383832346,9417.498656561347,73.00999999999998,2021-04-03,Germany,,Plan 10
3,3,2,4,2,3,1,4,2,3,2,2,6290.675200142245,8458.465734309686,62.01,2021-04-04,Germany,,Plan 10
3,3,2,4,2,3,1,4,2,3,2,2,5787.8429716744995,7681.9138360277775,62.01,2021-04-05,Germany,,Plan 10
3,3,2,4,2,3,1,4,2,3,2,2,5334.431706734289,7013.0805543302695,62.01,2021-04-06,Germany,,Plan 10
3,3,2,4,2,3,1,4,2,3,2,2,4922.242369618382,6421.650556254683,62.01,2021-04-07,Germany,,Plan 10
3,3,2,4,2,3,1,4,2,3,2,2,4545.713048149081,5893.336762860916,62.01,2021-04-08,Germany,,Plan 10
3,3,2,4,2,3,1,4,2,3,2,2,4200.652018867139,5419.793957002569,62.01,2021-04-09,Germany,,Plan 10
3,3,2,4,2,3,1,4,2,3,2,2,3883.694885897824,4995.036028726208,62.01,2021-04-10,Germany,,Plan 10
3,3,2,4,2,2,1,4,2,3,2,2,3607.221962538651,4611.685566211409,58.01,2021-04-11,Germany,,Plan 10
3,3,2,4,2,2,1,4,2,3,2,2,3359.7914510546693,4264.821063265719,58.01,2021-04-12,Germany,,Plan 10
3,3,2,4,2,2,1,4,2,3,2,2,3135.2386692082873,3950.6506293334332,58.01,2021-04-13,Germany,,Plan 10
3,3,2,4,2,2,1,4,2,3,2,2,2929.719189874915,3666.004460798653,58.01,2021-04-14,Germany,,Plan 10
3,3,2,4,2,2,1,4,2,3,2,2,2740.543327955753,3408.1230721996058,58.01,2021-04-15,Germany,,Plan 10
3,3,2,4,2,2,1,4,2,3,2,2,2565.681549737456,3174.5558623239367,58.01,2021-04-16,Germany,,Plan 10
3,3,2,4,2,2,1,4,2,3,2,2,2403.529685115621,2963.103690783622,58.01,2021-04-17,Germany,,Plan 10
3,3,2,4,2,0,1,4,2,3,2,2,2270.835197983164,2772.1912958471235,50.01,2021-04-18,Germany,,Plan 10
3,3,2,4,2,0,1,4,2,3,2,2,2156.5221979090197,2600.295688254889,50.01,2021-04-19,Germany,,Plan 10
3,3,2,4,2,0,1,4,2,3,2,2,2055.110718205693,2445.991695254517,50.01,2021-04-20,Germany,,Plan 10
3,3,2,4,2,0,1,4,2,3,2,2,1963.4796083390106,2307.957469320817,50.01,2021-04-21,Germany,,Plan 10
3,3,2,4,2,0,1,4,2,3,2,2,1879.6166173169793,2184.9679392295634,50.01,2021-04-22,Germany,,Plan 10
3,3,2,4,2,0,1,4,2,3,2,2,1802.1076035420097,2075.885946915929,50.01,2021-04-23,Germany,,Plan 10
3,3,2,4,2,0,1,4,2,3,2,2,1729.9060359074679,1979.6539970290487,50.01,2021-04-24,Germany,,Plan 10
3,2,2,2,2,0,1,4,2,3,2,0,1684.867514783166,1895.9443280004784,39.34,2021-04-25,Germany,,Plan 10
3,2,2,2,2,0,1,4,2,3,2,0,1655.2974662614208,1824.3407949079638,39.34,2021-04-26,Germany,,Plan 10
3,2,2,2,2,0,1,4,2,3,2,0,1635.8204574138674,1764.4421862234174,39.34,2021-04-27,Germany,,Plan 10
3,2,2,2,2,0,1,4,2,3,2,0,1623.5813970381062,1715.8852988947167,39.34,2021-04-28,Germany,,Plan 10
3,2,2,2,2,0,1,4,2,3,2,0,1616.8234794093537,1678.3434220507702,39.34,2021-04-29,Germany,,Plan 10
3,2,2,2,2,0,1,4,2,3,2,0,1614.3387403685772,1651.5192987402802,39.34,2021-04-30,Germany,,Plan 10
3,2,2,2,2,0,1,4,2,3,2,0,1615.2386161370025,1635.1382387730703,39.34,2021-05-01,Germany,,Plan 10
3,1,2,2,2,0,0,4,2,3,2,0,1631.5337932831992,1627.5191357016465,33.67,2021-05-02,Germany,,Plan 10
3,1,2,2,2,0,0,4,2,3,2,0,1657.712240600806,1627.8641034644158,33.67,2021-05-03,Germany,,Plan 10
3,1,2,2,2,0,0,4,2,3,2,0,1691.2885948285473,1635.7881230950845,33.67,2021-05-04,Germany,,Plan 10
3,1,2,2,2,0,0,4,2,3,2,0,1730.9422619485074,1651.1253895108566,33.67,2021-05-05,Germany,,Plan 10
3,1,2,2,2,0,0,4,2,3,2,0,1775.853583424079,1673.843975798674,33.67,2021-05-06,Germany,,Plan 10
3,1,2,2,2,0,0,4,2,3,2,0,1825.456815820649,1704.0037008632555,33.67,2021-05-07,Germany,,Plan 10
3,1,2,2,2,0,0,4,2,3,2,0,1879.3393316369547,1741.732374506106,33.67,2021-05-08,Germany,,Plan 10
3,0,2,2,1,0,0,4,2,3,2,0,1947.7774244692525,1786.9100361041142,29.0,2021-05-09,Germany,,Plan 10
3,0,2,2,1,0,0,4,2,3,2,0,2029.2710629262576,1839.9898678648929,29.0,2021-05-10,Germany,,Plan 10
3,0,2,2,1,0,0,4,2,3,2,0,2121.7971444446357,1901.4910892386195,29.0,2021-05-11,Germany,,Plan 10
3,0,2,2,1,0,0,4,2,3,2,0,2224.540569092177,1972.0051331162865,29.0,2021-05-12,Germany,,Plan 10
3,0,2,2,1,0,0,4,2,3,2,0,2337.172594401491,2052.1935632559166,29.0,2021-05-13,Germany,,Plan 10
3,0,2,2,1,0,0,4,2,3,2,0,2459.600593996149,2142.785531566703,29.0,2021-05-14,Germany,,Plan 10
3,0,2,2,1,0,0,4,2,3,2,0,2591.875061327338,2244.5763500939,29.0,2021-05-15,Germany,,Plan 10
1,0,1,1,2,0,0,4,2,3,2,0,2791.1212680519375,2365.054042034284,14.0,2021-05-16,Germany,,Plan 10
1,0,1,1,2,0,0,4,2,3,2,0,3063.258400047442,2512.766518765881,14.0,2021-05-17,Germany,,Plan 10
1,0,1,1,2,0,0,4,2,3,2,0,3403.293460120973,2695.8374210053585,14.0,2021-05-18,Germany,,Plan 10
1,0,1,1,2,0,0,4,2,3,2,0,3815.0150376565107,2923.048059371692,14.0,2021-05-19,Germany,,Plan 10
1,0,1,1,2,0,0,4,2,3,2,0,4306.224003182336,3204.341117768955,14.0,2021-05-20,Germany,,Plan 10
1,0,1,1,2,0,0,4,2,3,2,0,4887.323004589208,3551.158604996535,14.0,2021-05-21,Germany,,Plan 10
1,0,1,1,2,0,0,4,2,3,2,0,5571.0161370612705,3976.75018724424,14.0,2021-05-22,Germany,,Plan 10
1,0,1,1,2,0,0,4,2,3,2,0,6372.396258808636,4488.360900209483,14.0,2021-05-23,Germany,,Plan 10
1,0,1,1,2,0,0,4,2,3,2,0,7309.193459450021,5094.923051552708,14.0,2021-05-24,Germany,,Plan 10
1,0,1,1,2,0,0,4,2,3,2,0,8402.117250114821,5809.040735837542,14.0,2021-05-25,Germany,,Plan 10
1,0,1,1,2,0,0,4,2,3,2,0,9675.275378784509,6646.220784570113,14.0,2021-05-26,Germany,,Plan 10
1,0,1,1,2,0,0,4,2,3,2,0,11156.668648965935,7624.855733967771,14.0,2021-05-27,Germany,,Plan 10
3,2,2,4,1,2,1,3,2,3,1,2,14758.476067723484,15108.275649214895,58.01,2021-03-28,Germany,,Implemented plan
3,2,2,4,1,2,1,3,2,3,1,2,14508.30931565106,15108.275649214895,58.01,2021-03-29,Germany,,Implemented plan
3,2,2,4,1,2,1,3,2,3,1,2,14658.733379870077,15108.275649214895,58.01,2021-03-30,Germany,,Implemented plan
3,2,2,4,1,2,1,3,2,3,1,2,14942.54912338976,15108.275649214895,58.01,2021-03-31,Germany,,Implemented plan
3,2,2,4,1,2,1,3,2,3,1,2,15274.125344929544,15108.275649214895,58.01,2021-04-01,Germany,,Implemented plan
3,2,2,4,1,2,1,3,2,3,1,2,15626.068728723609,15108.275649214895,58.01,2021-04-02,Germany,,Implemented plan
3,2,2,4,1,2,1,3,2,3,1,2,15989.667584216753,15108.275649214895,58.01,2021-04-03,Germany,,Implemented plan
3,2,2,4,1,2,1,3,2,3,1,2,16362.202541907769,15337.379431241223,58.01,2021-04-04,Germany,,Implemented plan
3,2,2,4,1,2,1,3,2,3,1,2,16742.875871447115,15656.603224926377,58.01,2021-04-05,Germany,,Implemented plan
3,2,2,4,1,2,1,3,2,3,1,2,17131.50588599758,16009.85644008745,58.01,2021-04-06,Germany,,Implemented plan
3,2,2,4,1,2,1,3,2,3,1,2,17528.107749001054,16379.22195803192,58.01,2021-04-07,Germany,,Implemented plan
3,2,2,4,1,2,1,3,2,3,1,2,17932.759005751755,16759.026766720806,58.01,2021-04-08,Germany,,Implemented plan
3,2,2,4,1,2,1,3,2,3,1,2,18345.556095988683,17147.524962044386,58.01,2021-04-09,Germany,,Implemented plan
3,2,2,4,1,2,1,3,2,3,1,2,18766.60046204113,17544.22965887644,58.01,2021-04-10,Germany,,Implemented plan
3,2,2,4,1,2,1,3,2,3,1,2,19195.99390721832,17949.05699677795,58.01,2021-04-11,Germany,,Implemented plan
3,2,2,4,1,2,1,3,2,3,1,2,19633.836961625428,18362.051438231996,58.01,2021-04-12,Germany,,Implemented plan
3,2,2,4,1,2,1,3,2,3,1,2,20080.228210696805,18783.2974846176,58.01,2021-04-13,Germany,,Implemented plan
3,2,2,4,1,2,1,3,2,3,1,2,20535.26392684535,19212.891224309642,58.01,2021-04-14,Germany,,Implemented plan
3,2,2,4,1,2,1,3,2,3,1,2,20999.03779220248,19650.93105094545,58.01,2021-04-15,Germany,,Implemented plan
3,2,2,4,1,2,1,3,2,3,1,2,21471.64064427441,20097.514557843417,58.01,2021-04-16,Germany,,Implemented plan
3,2,2,4,1,2,1,3,2,3,1,2,21953.16022291444,20552.73738082532,58.01,2021-04-17,Germany,,Implemented plan
3,2,2,4,1,2,1,3,2,3,1,2,22443.680911187617,21016.69266710665,58.01,2021-04-18,Germany,,Implemented plan
3,2,2,4,1,2,1,3,2,3,1,2,22943.28346799451,21489.47073944509,58.01,2021-04-19,Germany,,Implemented plan
3,2,2,4,1,2,1,3,2,3,1,2,23452.044751732858,21971.15881673596,58.01,2021-04-20,Germany,,Implemented plan
3,2,2,4,1,2,1,3,2,3,1,2,23970.037434866666,22461.840746453287,58.01,2021-04-21,Germany,,Implemented plan
3,2,2,4,1,2,1,3,2,3,1,2,24497.329708936846,22961.5967345582,58.01,2021-04-22,Germany,,Implemented plan
3,2,2,4,1,2,1,3,2,3,1,2,25033.984980520283,23470.503068307597,58.01,2021-04-23,Germany,,Implemented plan
3,2,2,4,1,2,1,3,2,3,1,2,25580.061558126403,23988.631830480743,58.01,2021-04-24,Germany,,Implemented plan
3,2,2,4,1,2,1,3,2,3,1,2,26135.61233001687,24516.050604599204,58.01,2021-04-25,Germany,,Implemented plan
3,2,2,4,1,2,1,3,2,3,1,2,26700.684433172206,25052.822171053158,58.01,2021-04-26,Germany,,Implemented plan
3,2,2,4,1,2,1,3,2,3,1,2,27275.318913605264,25599.004194177796,58.01,2021-04-27,Germany,,Implemented plan
3,2,2,4,1,2,1,3,2,3,1,2,27859.55037826256,26154.648900377208,58.01,2021-04-28,Germany,,Implemented plan
3,2,2,4,1,2,1,3,2,3,1,2,28453.406576816164,26719.802738645674,58.01,2021-04-29,Germany,,Implemented plan
3,2,2,4,1,2,1,3,2,3,1,2,29056.90822911943,27294.50605987413,58.01,2021-04-30,Germany,,Implemented plan
3,2,2,4,1,2,1,3,2,3,1,2,29670.068462751973,27878.792760534918,58.01,2021-05-01,Germany,,Implemented plan
3,2,2,4,1,2,1,3,2,3,1,2,30292.892493094703,28472.6899266889,58.01,2021-05-02,Germany,,Implemented plan
3,2,2,4,1,2,1,3,2,3,1,2,30925.377240427857,29076.217470582564,58.01,2021-05-03,Germany,,Implemented plan
3,2,2,4,1,2,1,3,2,3,1,2,31567.510939670938,29689.387760020516,58.01,2021-05-04,Germany,,Implemented plan
3,2,2,4,1,2,1,3,2,3,1,2,32219.272744292837,30312.205240881984,58.01,2021-05-05,Germany,,Implemented plan
3,2,2,4,1,2,1,3,2,3,1,2,32880.63232534942,30944.666062101027,58.01,2021-05-06,Germany,,Implemented plan
3,2,2,4,1,2,1,3,2,3,1,2,33551.54946646228,31586.75766743572,58.01,2021-05-07,Germany,,Implemented plan
3,2,2,4,1,2,1,3,2,3,1,2,34231.973655550384,32238.45840926406,58.01,2021-05-08,Germany,,Implemented plan
3,2,2,4,1,2,1,3,2,3,1,2,34921.843674169184,32899.73714941756,58.01,2021-05-09,Germany,,Implemented plan
3,2,2,4,1,2,1,3,2,3,1,2,35621.08718537242,33570.552855838214,58.01,2021-05-10,Germany,,Implemented plan
3,2,2,4,1,2,1,3,2,3,1,2,36329.620321078146,34250.85419603924,58.01,2021-05-11,Germany,,Implemented plan
3,2,2,4,1,2,1,3,2,3,1,2,37047.34726998899,34940.57912828155,58.01,2021-05-12,Germany,,Implemented plan
3,2,2,4,1,2,1,3,2,3,1,2,37774.15986718707,35639.65449140121,58.01,2021-05-13,Germany,,Implemented plan
3,2,2,4,1,2,1,3,2,3,1,2,38509.93718659548,36347.99559427738,58.01,2021-05-14,Germany,,Implemented plan
3,2,2,4,1,2,1,3,2,3,1,2,39254.54513756878,37065.50580599429,58.01,2021-05-15,Germany,,Implemented plan
3,2,2,4,1,2,1,3,2,3,1,2,40007.836066947435,37792.07614781976,58.01,2021-05-16,Germany,,Implemented plan
3,2,2,4,1,2,1,3,2,3,1,2,40769.64836798083,38527.5848881924,58.01,2021-05-17,Germany,,Implemented plan
3,2,2,4,1,2,1,3,2,3,1,2,41539.80612072445,39271.897145284725,58.01,2021-05-18,Germany,,Implemented plan
3,2,2,4,1,2,1,3,2,3,1,2,42318.118647634765,40024.8644849484,58.01,2021-05-19,Germany,,Implemented plan
3,2,2,4,1,2,1,3,2,3,1,2,43104.38022689625,40786.32453633543,58.01,2021-05-20,Germany,,Implemented plan
3,2,2,4,1,2,1,3,2,3,1,2,43898.369717069545,41556.10061211744,58.01,2021-05-21,Germany,,Implemented plan
3,2,2,4,1,2,1,3,2,3,2,2,44313.42999822908,42278.79844935462,58.01,2021-05-22,Germany,,Implemented plan
3,2,2,4,1,2,1,3,2,3,2,2,44491.74914419116,42919.35746038944,58.01,2021-05-23,Germany,,Implemented plan
3,2,2,4,1,2,1,3,2,3,2,2,44500.55157400356,43452.3436326784,58.01,2021-05-24,Germany,,Implemented plan
3,2,2,4,1,2,1,3,2,3,2,2,44379.72676365464,43858.04658166843,58.01,2021-05-25,Germany,,Implemented plan
3,2,2,4,1,2,1,3,2,3,2,2,44157.22681302316,44120.77631958106,58.01,2021-05-26,Germany,,Implemented plan
3,2,2,4,1,2,1,3,2,3,2,2,43854.40971490906,44227.92338929717,58.01,2021-05-27,Germany,,Implemented plan
3,2,2,4,1,2,1,3,2,3,1,2,1727.0,16378.714285714286,58.01,2021-03-28,Germany,,Implemented plan real
3,2,2,4,1,2,1,3,2,3,1,2,10297.0,16669.571428571428,58.01,2021-03-29,Germany,,Implemented plan real
3,2,2,4,1,2,1,3,2,3,1,2,23681.0,17057.0,58.01,2021-03-30,Germany,,Implemented plan real
3,2,2,4,1,2,1,3,2,3,1,2,25014.0,17236.571428571428,58.01,2021-03-31,Germany,,Implemented plan real
3,2,2,4,1,2,1,3,2,3,1,2,22679.0,17387.85714285714,58.01,2021-04-01,Germany,,Implemented plan real
3,2,2,4,1,2,1,3,2,3,1,2,16033.0,16722.714285714286,58.01,2021-04-02,Germany,,Implemented plan real
3,2,2,4,1,2,1,3,2,3,1,2,3673.0,14729.142857142857,58.01,2021-04-03,Germany,,Implemented plan real
3,2,2,4,1,2,1,3,2,3,1,2,10300.0,15953.857142857143,58.01,2021-04-04,Germany,,Implemented plan real
3,2,2,4,1,2,1,3,2,3,1,2,5980.0,15337.142857142857,58.01,2021-04-05,Germany,,Implemented plan real
3,2,2,4,1,2,1,3,2,3,1,2,7593.0,13038.857142857143,58.01,2021-04-06,Germany,,Implemented plan real
3,2,2,4,1,2,1,3,2,3,1,2,30377.0,13805.0,58.01,2021-04-07,Germany,,Implemented plan real
3,2,2,4,1,2,1,3,2,3,1,2,26510.0,14352.285714285714,58.01,2021-04-08,Germany,,Implemented plan real
3,2,2,4,1,2,1,3,2,3,1,2,23935.0,15481.142857142857,58.01,2021-04-09,Germany,,Implemented plan real
3,2,2,4,1,2,1,3,2,3,1,2,18728.0,17631.85714285714,58.01,2021-04-10,Germany,,Implemented plan real
3,2,2,4,1,2,1,3,2,3,1,2,2706.0,16547.0,58.01,2021-04-11,Germany,,Implemented plan real
3,2,2,4,1,2,1,3,2,3,1,2,12446.0,17470.714285714286,58.01,2021-04-12,Germany,,Implemented plan real
3,2,2,4,1,2,1,3,2,3,1,2,29421.0,20589.0,58.01,2021-04-13,Germany,,Implemented plan real
3,2,2,4,1,2,1,3,2,3,1,2,31117.0,20694.714285714286,58.01,2021-04-14,Germany,,Implemented plan real
3,2,2,4,1,2,1,3,2,3,1,2,25110.0,20494.714285714286,58.01,2021-04-15,Germany,,Implemented plan real
3,2,2,4,1,2,1,3,2,3,1,2,23856.0,20483.428571428572,58.01,2021-04-16,Germany,,Implemented plan real
3,2,2,4,1,2,1,3,2,3,1,2,20197.0,20693.285714285714,58.01,2021-04-17,Germany,,Implemented plan real
3,2,2,4,1,2,1,3,2,3,1,2,1217.0,20480.571428571428,58.01,2021-04-18,Germany,,Implemented plan real
3,2,2,4,1,2,1,3,2,3,1,2,11615.0,20361.85714285714,58.01,2021-04-19,Germany,,Implemented plan real
3,2,2,4,1,2,1,3,2,3,1,2,31397.0,20644.14285714286,58.01,2021-04-20,Germany,,Implemented plan real
3,2,2,4,1,2,1,3,2,3,1,2,24354.0,19678.0,58.01,2021-04-21,Germany,,Implemented plan real
3,2,2,4,1,2,1,3,2,3,1,2,31721.0,20622.428571428572,58.01,2021-04-22,Germany,,Implemented plan real
3,2,2,4,1,2,1,3,2,3,1,2,22262.0,20394.714285714286,58.01,2021-04-23,Germany,,Implemented plan real
3,2,2,4,1,2,1,3,2,3,1,2,14422.0,19569.714285714286,58.01,2021-04-24,Germany,,Implemented plan real
3,2,2,4,1,2,1,3,2,3,1,2,15399.0,21595.714285714286,58.01,2021-04-25,Germany,,Implemented plan real
3,2,2,4,1,2,1,3,2,3,1,2,5961.0,20788.0,58.01,2021-04-26,Germany,,Implemented plan real
3,2,2,4,1,2,1,3,2,3,1,2,25911.0,20004.285714285714,58.01,2021-04-27,Germany,,Implemented plan real
3,2,2,4,1,2,1,3,2,3,1,2,28263.0,20562.714285714286,58.01,2021-04-28,Germany,,Implemented plan real
3,2,2,4,1,2,1,3,2,3,1,2,24212.0,19490.0,58.01,2021-04-29,Germany,,Implemented plan real
3,2,2,4,1,2,1,3,2,3,1,2,14326.0,18356.285714285714,58.01,2021-04-30,Germany,,Implemented plan real
3,2,2,4,1,2,1,3,2,3,1,2,18535.0,18943.85714285714,58.01,2021-05-01,Germany,,Implemented plan real
3,2,2,4,1,2,1,3,2,3,1,2,8776.0,17997.714285714286,58.01,2021-05-02,Germany,,Implemented plan real
3,2,2,4,1,2,1,3,2,3,1,2,5510.0,17933.285714285714,58.01,2021-05-03,Germany,,Implemented plan real
3,2,2,4,1,2,1,3,2,3,1,2,24111.0,17676.14285714286,58.01,2021-05-04,Germany,,Implemented plan real
3,2,2,4,1,2,1,3,2,3,1,2,22458.0,16846.85714285714,58.01,2021-05-05,Germany,,Implemented plan real
3,2,2,4,1,2,1,3,2,3,1,2,17917.0,15947.57142857143,58.01,2021-05-06,Germany,,Implemented plan real
3,2,2,4,1,2,1,3,2,3,1,2,15090.0,16056.714285714286,58.01,2021-05-07,Germany,,Implemented plan real
3,2,2,4,1,2,1,3,2,3,1,2,13125.0,15283.857142857143,58.01,2021-05-08,Germany,,Implemented plan real
3,2,2,4,1,2,1,3,2,3,1,2,0.0,14030.142857142857,58.01,2021-05-09,Germany,,Implemented plan real
3,2,2,4,1,2,1,3,2,3,1,2,7321.0,14288.857142857143,58.01,2021-05-10,Germany,,Implemented plan real
3,2,2,4,1,2,1,3,2,3,1,2,19696.0,13658.142857142857,58.01,2021-05-11,Germany,,Implemented plan real
3,2,2,4,1,2,1,3,2,3,1,2,6590.0,11391.285714285714,58.01,2021-05-12,Germany,,Implemented plan real
3,2,2,4,1,2,1,3,2,3,1,2,13631.0,10779.0,58.01,2021-05-13,Germany,,Implemented plan real
3,2,2,4,1,2,1,3,2,3,1,2,10377.0,10105.714285714286,58.01,2021-05-14,Germany,,Implemented plan real
3,2,2,4,1,2,1,3,2,3,1,2,7370.0,9283.57142857143,58.01,2021-05-15,Germany,,Implemented plan real
3,2,2,4,1,2,1,3,2,3,1,2,7067.0,10293.142857142857,58.01,2021-05-16,Germany,,Implemented plan real
3,2,2,4,1,2,1,3,2,3,1,2,5381.0,10016.0,58.01,2021-05-17,Germany,,Implemented plan real
3,2,2,4,1,2,1,3,2,3,1,2,7576.0,8284.57142857143,58.01,2021-05-18,Germany,,Implemented plan real
3,2,2,4,1,2,1,3,2,3,1,2,11881.0,9040.42857142857,58.01,2021-05-19,Germany,,Implemented plan real
3,2,2,4,1,2,1,3,2,3,1,2,10727.0,8625.57142857143,58.01,2021-05-20,Germany,,Implemented plan real
3,2,2,4,1,2,1,3,2,3,1,2,8096.0,8299.714285714286,58.01,2021-05-21,Germany,,Implemented plan real
3,2,2,4,1,2,1,3,2,3,2,2,6419.0,8163.857142857143,58.01,2021-05-22,Germany,,Implemented plan real
3,2,2,4,1,2,1,3,2,3,2,2,4643.0,7817.571428571428,58.01,2021-05-23,Germany,,Implemented plan real
3,2,2,4,1,2,1,3,2,3,2,2,2328.0,7381.428571428572,58.01,2021-05-24,Germany,,Implemented plan real
3,2,2,4,1,2,1,3,2,3,2,2,2578.0,6667.428571428572,58.01,2021-05-25,Germany,,Implemented plan real
3,2,2,4,1,2,1,3,2,3,2,2,4473.0,5609.142857142857,58.01,2021-05-26,Germany,,Implemented plan real
3,2,2,4,1,2,1,3,2,3,2,2,6949.0,5069.428571428572,58.01,2021-05-27,Germany,,Implemented plan real
