C1_School closing,C2_Workplace closing,C3_Cancel public events,C4_Restrictions on gatherings,C5_Close public transport,C6_Stay at home requirements,C7_Restrictions on internal movement,C8_International travel controls,H1_Public information campaigns,H2_Testing policy,H3_Contact tracing,H6_Facial Coverings,Infections,InfectionsRolling,Stringency,Date,CountryName,RegionName,PrescriptionIndex
3,0,2,1,1,0,0,4,2,3,2,0,36867.29370931774,36335.80249723273,1.359107495069033,2020-12-08,Brazil,,Plan 1
3,0,2,1,1,0,0,4,2,3,2,0,35755.60429862617,36335.80249723273,1.359107495069033,2020-12-09,Brazil,,Plan 1
3,0,2,1,1,0,0,4,2,3,2,0,35674.67621421892,36335.80249723273,1.359107495069033,2020-12-10,Brazil,,Plan 1
3,0,2,1,1,0,0,4,2,3,2,0,35930.38927138718,36335.80249723273,1.359107495069033,2020-12-11,Brazil,,Plan 1
3,0,2,1,1,0,0,4,2,3,2,0,36297.45451573405,36335.80249723273,1.359107495069033,2020-12-12,Brazil,,Plan 1
3,0,2,1,1,0,0,4,2,3,2,0,36702.73292995289,36335.80249723273,1.359107495069033,2020-12-13,Brazil,,Plan 1
3,0,2,1,1,0,0,4,2,3,2,0,37122.46654139212,36335.80249723273,1.359107495069033,2020-12-14,Brazil,,Plan 1
3,0,2,1,1,0,0,4,2,3,2,0,37548.92365422215,36433.178203647636,1.359107495069033,2020-12-15,Brazil,,Plan 1
3,0,2,1,1,0,0,4,2,3,2,0,37979.57268394973,36750.88797297957,1.359107495069033,2020-12-16,Brazil,,Plan 1
3,0,2,1,1,0,0,4,2,3,2,0,38413.5693730958,37142.158424247704,1.359107495069033,2020-12-17,Brazil,,Plan 1
3,0,2,1,1,0,0,4,2,3,2,0,38850.61575508224,37559.33363620414,1.359107495069033,2020-12-18,Brazil,,Plan 1
3,0,2,1,1,0,0,4,2,3,2,0,39290.589911245086,37986.924406991435,1.359107495069033,2020-12-19,Brazil,,Plan 1
3,0,2,1,1,0,0,4,2,3,2,0,39733.42598105256,38419.88055714853,1.359107495069033,2020-12-20,Brazil,,Plan 1
3,0,2,1,1,0,0,4,2,3,2,0,40179.075005209255,38856.5389091224,1.359107495069033,2020-12-21,Brazil,,Plan 1
1,0,2,0,0,0,0,4,2,3,2,0,41316.088857013616,39394.705366664035,0.8389316239316235,2020-12-22,Brazil,,Plan 1
1,0,2,0,0,0,0,4,2,3,2,0,43074.245690135074,40122.515796119085,0.8389316239316235,2020-12-23,Brazil,,Plan 1
1,0,2,0,0,0,0,4,2,3,2,0,45301.58063147432,41106.51740445888,0.8389316239316235,2020-12-24,Brazil,,Plan 1
1,0,2,0,0,0,0,4,2,3,2,0,47943.13884086028,42405.44927385574,0.8389316239316235,2020-12-25,Brazil,,Plan 1
1,0,2,0,0,0,0,4,2,3,2,0,50980.790120832615,44075.477875225384,0.8389316239316235,2020-12-26,Brazil,,Plan 1
1,0,2,0,0,0,0,4,2,3,2,0,54412.54860131008,46172.49539240503,0.8389316239316235,2020-12-27,Brazil,,Plan 1
1,0,2,0,0,0,0,4,2,3,2,0,58245.17824247365,48753.367283442814,0.8389316239316235,2020-12-28,Brazil,,Plan 1
1,0,2,0,0,0,0,4,2,3,2,0,62491.324091442126,51778.40088836116,0.8389316239316235,2020-12-29,Brazil,,Plan 1
1,0,2,0,0,0,0,4,2,3,2,0,67168.24510840377,55220.400805256686,0.8389316239316235,2020-12-30,Brazil,,Plan 1
1,0,2,0,0,0,0,4,2,3,2,0,72297.16818513534,59076.91331292256,0.8389316239316235,2020-12-31,Brazil,,Plan 1
1,0,2,0,0,0,0,4,2,3,2,0,77902.9259435503,63356.882899021126,0.8389316239316235,2021-01-01,Brazil,,Plan 1
1,0,2,0,0,0,0,4,2,3,2,0,84013.74009871771,68075.87575300473,0.8389316239316235,2021-01-02,Brazil,,Plan 1
1,0,2,0,0,0,0,4,2,3,2,0,90661.09330843831,73254.23928259447,0.8389316239316235,2021-01-03,Brazil,,Plan 1
1,0,2,0,0,0,0,4,2,3,2,0,97879.65780126472,78916.30779099317,0.8389316239316235,2021-01-04,Brazil,,Plan 1
3,0,2,0,1,0,0,4,2,3,2,0,104510.35541032147,84919.02655083309,1.24680473372781,2021-01-05,Brazil,,Plan 1
3,0,2,0,1,0,0,4,2,3,2,0,110329.96122776151,91084.98599645562,1.24680473372781,2021-01-06,Brazil,,Plan 1
3,0,2,0,1,0,0,4,2,3,2,0,115560.37798968329,97265.44453996248,1.24680473372781,2021-01-07,Brazil,,Plan 1
3,0,2,0,1,0,0,4,2,3,2,0,120316.66570514176,103324.55022018985,1.24680473372781,2021-01-08,Brazil,,Plan 1
3,0,2,0,1,0,0,4,2,3,2,0,124678.0731653674,109133.74065828264,1.24680473372781,2021-01-09,Brazil,,Plan 1
3,0,2,0,1,0,0,4,2,3,2,0,128708.54299459804,114569.09061344832,1.24680473372781,2021-01-10,Brazil,,Plan 1
3,0,2,0,1,0,0,4,2,3,2,0,132462.5082209332,119509.49781625807,1.24680473372781,2021-01-11,Brazil,,Plan 1
3,0,2,0,1,0,0,4,2,3,2,0,135986.66840599483,124006.11395849715,1.24680473372781,2021-01-12,Brazil,,Plan 1
3,0,2,0,1,0,0,4,2,3,2,0,139320.80880129721,128147.66361185939,1.24680473372781,2021-01-13,Brazil,,Plan 1
3,0,2,0,1,0,0,4,2,3,2,0,142498.48195734178,131995.96417866775,1.24680473372781,2021-01-14,Brazil,,Plan 1
3,0,2,0,1,0,0,4,2,3,2,0,145547.69509222393,135600.3969482509,1.24680473372781,2021-01-15,Brazil,,Plan 1
3,0,2,0,1,0,0,4,2,3,2,0,148491.6077506075,139002.33046042811,1.24680473372781,2021-01-16,Brazil,,Plan 1
3,0,2,0,1,0,0,4,2,3,2,0,151349.20247866187,142236.7103867229,1.24680473372781,2021-01-17,Brazil,,Plan 1
3,0,2,0,1,0,0,4,2,3,2,0,154135.90354058245,145332.90971810138,1.24680473372781,2021-01-18,Brazil,,Plan 1
2,0,2,0,2,0,0,4,2,3,2,0,157695.7236866455,148434.2033296229,1.1075871137409594,2021-01-19,Brazil,,Plan 1
2,0,2,0,2,0,0,4,2,3,2,0,161948.21573336274,151666.6900342037,1.1075871137409594,2021-01-20,Brazil,,Plan 1
2,0,2,0,2,0,0,4,2,3,2,0,166713.66794693426,155126.0023184312,1.1075871137409594,2021-01-21,Brazil,,Plan 1
2,0,2,0,2,0,0,4,2,3,2,0,171906.87878583727,158891.5999889474,1.1075871137409594,2021-01-22,Brazil,,Plan 1
2,0,2,0,2,0,0,4,2,3,2,0,177478.6746489061,163032.60954584714,1.1075871137409594,2021-01-23,Brazil,,Plan 1
2,0,2,0,2,0,0,4,2,3,2,0,183395.7171026452,167610.68306355903,1.1075871137409594,2021-01-24,Brazil,,Plan 1
2,0,2,0,2,0,0,4,2,3,2,0,189633.04441150665,172681.70318797682,1.1075871137409594,2021-01-25,Brazil,,Plan 1
2,0,2,0,2,0,0,4,2,3,2,0,196170.94624774746,178178.16355384854,1.1075871137409594,2021-01-26,Brazil,,Plan 1
2,0,2,0,2,0,0,4,2,3,2,0,202993.38884819445,184041.7597131102,1.1075871137409594,2021-01-27,Brazil,,Plan 1
2,0,2,0,2,0,0,4,2,3,2,0,210087.05338969195,190237.95763350406,1.1075871137409594,2021-01-28,Brazil,,Plan 1
2,0,2,0,2,0,0,4,2,3,2,0,217440.65957552672,196742.78346060266,1.1075871137409594,2021-01-29,Brazil,,Plan 1
2,0,2,0,2,0,0,4,2,3,2,0,225044.4466781529,203537.89375049504,1.1075871137409594,2021-01-30,Brazil,,Plan 1
2,0,2,0,2,0,0,4,2,3,2,0,232889.7577413244,210608.47098459207,1.1075871137409594,2021-01-31,Brazil,,Plan 1
2,0,2,0,2,0,0,4,2,3,2,0,240968.6979602649,217942.1357772718,1.1075871137409594,2021-02-01,Brazil,,Plan 1
2,0,2,0,2,0,0,4,2,3,2,0,249273.8489305005,225528.26473195077,1.1075871137409594,2021-02-02,Brazil,,Plan 1
2,0,2,0,2,0,0,4,2,3,2,0,257798.0274390066,233357.4988163525,1.1075871137409594,2021-02-03,Brazil,,Plan 1
2,0,2,0,2,0,0,4,2,3,2,0,266534.08039892034,241421.3598176709,1.1075871137409594,2021-02-04,Brazil,,Plan 1
2,0,2,0,2,0,0,4,2,3,2,0,275474.70762402285,249711.9381103132,1.1075871137409594,2021-02-05,Brazil,,Plan 1
2,0,2,0,2,0,0,4,2,3,2,0,284612.3085998641,258221.63267055765,1.1075871137409594,2021-02-06,Brazil,,Plan 1
3,3,2,4,2,3,2,4,2,3,2,4,31157.946739921656,19443.07480301979,4.326982248520709,2020-12-08,Brazil,,Plan 10
3,3,2,4,2,3,2,4,2,3,2,4,25267.71409152076,19443.07480301979,4.326982248520709,2020-12-09,Brazil,,Plan 10
3,3,2,4,2,3,2,4,2,3,2,4,21203.01182593032,19443.07480301979,4.326982248520709,2020-12-10,Brazil,,Plan 10
3,3,2,4,2,3,2,4,2,3,2,4,18074.791071901327,19443.07480301979,4.326982248520709,2020-12-11,Brazil,,Plan 10
3,3,2,4,2,3,2,4,2,3,2,4,15516.466474205554,19443.07480301979,4.326982248520709,2020-12-12,Brazil,,Plan 10
3,3,2,4,2,3,2,4,2,3,2,4,13361.126537958171,19443.07480301979,4.326982248520709,2020-12-13,Brazil,,Plan 10
3,3,2,4,2,3,2,4,2,3,2,4,11520.466879700756,19443.07480301979,4.326982248520709,2020-12-14,Brazil,,Plan 10
3,3,2,4,2,3,2,4,2,3,2,4,9939.06545666848,16411.806048269336,4.326982248520709,2020-12-15,Brazil,,Plan 10
3,3,2,4,2,3,2,4,2,3,2,4,8576.839892071694,14027.395448348045,4.326982248520709,2020-12-16,Brazil,,Plan 10
3,3,2,4,2,3,2,4,2,3,2,4,7402.082984051653,12055.834185222522,4.326982248520709,2020-12-17,Brazil,,Plan 10
3,3,2,4,2,3,2,4,2,3,2,4,6388.502719351487,10386.364420572543,4.326982248520709,2020-12-18,Brazil,,Plan 10
3,3,2,4,2,3,2,4,2,3,2,4,5513.8051478478055,8957.412802521436,4.326982248520709,2020-12-19,Brazil,,Plan 10
3,3,2,4,2,3,2,4,2,3,2,4,4758.895502954063,7728.522654663706,4.326982248520709,2020-12-20,Brazil,,Plan 10
3,3,2,4,2,3,2,4,2,3,2,4,4107.346830977996,6669.505504846168,4.326982248520709,2020-12-21,Brazil,,Plan 10
3,3,2,4,2,3,2,4,2,3,2,4,3545.0002456233947,5756.067617554014,4.326982248520709,2020-12-22,Brazil,,Plan 10
3,3,2,4,2,3,2,4,2,3,2,4,3059.641788213603,4967.896459860001,4.326982248520709,2020-12-23,Brazil,,Plan 10
3,3,2,4,2,3,2,4,2,3,2,4,2640.7316249397877,4287.7034085583055,4.326982248520709,2020-12-24,Brazil,,Plan 10
3,3,2,4,2,3,2,4,2,3,2,4,2279.173291260888,3700.6563474025056,4.326982248520709,2020-12-25,Brazil,,Plan 10
3,3,2,4,2,3,2,4,2,3,2,4,1967.115601419895,3193.9864121985192,4.326982248520709,2020-12-26,Brazil,,Plan 10
3,3,2,4,2,3,2,4,2,3,2,4,1697.7820517780624,2756.684490601947,4.326982248520709,2020-12-27,Brazil,,Plan 10
3,3,2,4,2,3,2,4,2,3,2,4,1465.323699977286,2379.2526147447024,4.326982248520709,2020-12-28,Brazil,,Plan 10
3,3,2,4,2,3,2,4,2,3,2,4,1264.6922163725326,2053.494324851722,4.326982248520709,2020-12-29,Brazil,,Plan 10
3,3,2,4,2,3,2,4,2,3,2,4,1091.530316427011,1772.3355431679229,4.326982248520709,2020-12-30,Brazil,,Plan 10
3,3,2,4,2,3,2,4,2,3,2,4,942.0771862878768,1529.6706233605073,4.326982248520709,2020-12-31,Brazil,,Plan 10
3,3,2,4,2,3,2,4,2,3,2,4,813.0868478980681,1320.2297028801045,4.326982248520709,2021-01-01,Brazil,,Plan 10
3,3,2,4,2,3,2,4,2,3,2,4,701.7576933073274,1139.464287435452,4.326982248520709,2021-01-02,Brazil,,Plan 10
3,3,2,4,2,3,2,4,2,3,2,4,605.6716606107185,983.4485172686883,4.326982248520709,2021-01-03,Brazil,,Plan 10
3,3,2,4,2,3,2,4,2,3,2,4,522.7417329246172,848.7939505468788,4.326982248520709,2021-01-04,Brazil,,Plan 10
3,3,2,4,2,3,2,4,2,3,2,4,451.16662205356033,732.5760085013112,4.326982248520709,2021-01-05,Brazil,,Plan 10
3,3,2,4,2,3,2,4,2,3,2,4,389.39165407994483,632.2704853088732,4.326982248520709,2021-01-06,Brazil,,Plan 10
3,3,2,4,2,3,2,4,2,3,2,4,336.07500843472627,545.698745615566,4.326982248520709,2021-01-07,Brazil,,Plan 10
3,3,2,4,2,3,2,4,2,3,2,4,290.05857799316124,470.9804213434365,4.326982248520709,2021-01-08,Brazil,,Plan 10
3,3,2,4,2,3,2,4,2,3,2,4,250.3428178882312,406.4925819978514,4.326982248520709,2021-01-09,Brazil,,Plan 10
3,3,2,4,2,3,2,4,2,3,2,4,216.06503720562327,350.83449293998063,4.326982248520709,2021-01-10,Brazil,,Plan 10
3,3,2,4,2,3,2,4,2,3,2,4,186.48066238205203,302.7971971481856,4.326982248520709,2021-01-11,Brazil,,Plan 10
3,3,2,4,2,3,2,4,2,3,2,4,160.94706558424588,261.3372605097121,4.326982248520709,2021-01-12,Brazil,,Plan 10
3,3,2,4,2,3,2,4,2,3,2,4,138.90960699161636,225.55411092566516,4.326982248520709,2021-01-13,Brazil,,Plan 10
3,3,2,4,2,3,2,4,2,3,2,4,119.8895879430888,194.67047942685986,4.326982248520709,2021-01-14,Brazil,,Plan 10
3,3,2,4,2,3,2,4,2,3,2,4,103.47385337719206,168.01551876743562,4.326982248520709,2021-01-15,Brazil,,Plan 10
3,3,2,4,2,3,2,4,2,3,2,4,89.30581779136469,145.01023303931186,4.326982248520709,2021-01-16,Brazil,,Plan 10
3,3,2,4,2,3,2,4,2,3,2,4,77.07771984658858,125.15490198802121,4.326982248520709,2021-01-17,Brazil,,Plan 10
3,3,2,4,2,3,2,4,2,3,2,4,66.52393741611341,108.01822699288712,4.326982248520709,2021-01-18,Brazil,,Plan 10
3,3,2,4,2,3,2,4,2,3,2,4,57.41521790021154,93.22796303802508,4.326982248520709,2021-01-19,Brazil,,Plan 10
3,3,2,4,2,3,2,4,2,3,2,4,49.55369850157825,80.4628332537339,4.326982248520709,2021-01-20,Brazil,,Plan 10
3,3,2,4,2,3,2,4,2,3,2,4,42.76860830908398,69.44555044887608,4.326982248520709,2021-01-21,Brazil,,Plan 10
3,3,2,4,2,3,2,4,2,3,2,4,36.91255884308636,59.93679408686097,4.326982248520709,2021-01-22,Brazil,,Plan 10
3,3,2,4,2,3,2,4,2,3,2,4,31.85834249457961,51.730011901605955,4.326982248520709,2021-01-23,Brazil,,Plan 10
3,3,2,4,2,3,2,4,2,3,2,4,27.496169320373394,44.64693325500379,4.326982248520709,2021-01-24,Brazil,,Plan 10
3,3,2,4,2,3,2,4,2,3,2,4,23.73128217659409,38.533696792215316,4.326982248520709,2021-01-25,Brazil,,Plan 10
3,3,2,4,2,3,2,4,2,3,2,4,20.48189838969606,33.25750829071311,4.326982248520709,2021-01-26,Brazil,,Plan 10
3,3,2,4,2,3,2,4,2,3,2,4,17.67743325623227,28.703756112806534,4.326982248520709,2021-01-27,Brazil,,Plan 10
3,3,2,4,2,3,2,4,2,3,2,4,15.25696678379754,24.773521609194194,4.326982248520709,2021-01-28,Brazil,,Plan 10
3,3,2,4,2,3,2,4,2,3,2,4,13.1679203687304,21.381430398571908,4.326982248520709,2021-01-29,Brazil,,Plan 10
3,3,2,4,2,3,2,4,2,3,2,4,11.36491466603606,18.45379785163712,4.326982248520709,2021-01-30,Brazil,,Plan 10
3,3,2,4,2,3,2,4,2,3,2,4,9.80878384259282,15.927028497668465,4.326982248520709,2021-01-31,Brazil,,Plan 10
3,3,2,4,2,3,2,4,2,3,2,4,8.465724801479384,13.74623458693779,4.326982248520709,2021-02-01,Brazil,,Plan 10
3,3,2,4,2,3,2,4,2,3,2,4,7.306562896979218,11.864043802263955,4.326982248520709,2021-02-02,Brazil,,Plan 10
3,3,2,4,2,3,2,4,2,3,2,4,6.30611819014501,10.239570221394349,4.326982248520709,2021-02-03,Brazil,,Plan 10
3,3,2,4,2,3,2,4,2,3,2,4,5.44265847869318,8.837526177808009,4.326982248520709,2021-02-04,Brazil,,Plan 10
3,3,2,4,2,3,2,4,2,3,2,4,4.6974272198772535,7.6274557279718485,4.326982248520709,2021-02-05,Brazil,,Plan 10
3,3,2,4,2,3,2,4,2,3,2,4,4.054236091793757,6.583073074508659,4.326982248520709,2021-02-06,Brazil,,Plan 10
3,0,2,3,2,1,0,4,2,3,2,0,35438.377375734046,31289.928376895426,1.832973372781064,2020-12-08,Brazil,,Plan 5
3,0,2,3,2,1,0,4,2,3,2,0,33027.76515425601,31289.928376895426,1.832973372781064,2020-12-09,Brazil,,Plan 5
3,0,2,3,2,1,0,4,2,3,2,0,31731.712634277446,31289.928376895426,1.832973372781064,2020-12-10,Brazil,,Plan 5
3,0,2,3,2,1,0,4,2,3,2,0,30819.110739109132,31289.928376895426,1.832973372781064,2020-12-11,Brazil,,Plan 5
3,0,2,3,2,1,0,4,2,3,2,0,30045.186490246222,31289.928376895426,1.832973372781064,2020-12-12,Brazil,,Plan 5
3,0,2,3,2,1,0,4,2,3,2,0,29327.861489999716,31289.928376895426,1.832973372781064,2020-12-13,Brazil,,Plan 5
3,0,2,3,2,1,0,4,2,3,2,0,28639.48475464541,31289.928376895426,1.832973372781064,2020-12-14,Brazil,,Plan 5
3,0,2,3,2,1,0,4,2,3,2,0,27970.6168163785,30223.10543984464,1.832973372781064,2020-12-15,Brazil,,Plan 5
3,0,2,3,2,1,0,4,2,3,2,0,27317.91291926176,29407.412263416885,1.832973372781064,2020-12-16,Brazil,,Plan 5
3,0,2,3,2,1,0,4,2,3,2,0,26680.069720418243,28685.748990008422,1.832973372781064,2020-12-17,Brazil,,Plan 5
3,0,2,3,2,1,0,4,2,3,2,0,26056.46910421005,28005.371613594267,1.832973372781064,2020-12-18,Brazil,,Plan 5
3,0,2,3,2,1,0,4,2,3,2,0,25446.72429327621,27348.44844259856,1.832973372781064,2020-12-19,Brazil,,Plan 5
3,0,2,3,2,1,0,4,2,3,2,0,24850.528452546143,26708.82943724804,1.832973372781064,2020-12-20,Brazil,,Plan 5
3,0,2,3,2,1,0,4,2,3,2,0,24267.60336125368,26084.274952477797,1.832973372781064,2020-12-21,Brazil,,Plan 5
3,0,2,2,2,0,0,4,2,3,2,0,23842.468708409262,25494.539508482194,1.5145562130177506,2020-12-22,Brazil,,Plan 5
3,0,2,2,2,0,0,4,2,3,2,0,23507.654024541825,24950.216809236485,1.5145562130177506,2020-12-23,Brazil,,Plan 5
3,0,2,2,2,0,0,4,2,3,2,0,23232.24225722145,24457.670028779805,1.5145562130177506,2020-12-24,Brazil,,Plan 5
3,0,2,2,2,0,0,4,2,3,2,0,22999.549987485265,24020.967297819123,1.5145562130177506,2020-12-25,Brazil,,Plan 5
3,0,2,2,2,0,0,4,2,3,2,0,22799.089181456817,23642.733710416363,1.5145562130177506,2020-12-26,Brazil,,Plan 5
3,0,2,2,2,0,0,4,2,3,2,0,22623.52424867544,23324.590252720536,1.5145562130177506,2020-12-27,Brazil,,Plan 5
3,0,2,2,2,0,0,4,2,3,2,0,22467.40356219321,23067.41885285475,1.5145562130177506,2020-12-28,Brazil,,Plan 5
3,0,2,2,2,0,0,4,2,3,2,0,22326.54815506152,22850.858773805077,1.5145562130177506,2020-12-29,Brazil,,Plan 5
3,0,2,2,2,0,0,4,2,3,2,0,22197.705011161666,22663.72320046505,1.5145562130177506,2020-12-30,Brazil,,Plan 5
3,0,2,2,2,0,0,4,2,3,2,0,22078.322026483795,22498.87745321681,1.5145562130177506,2020-12-31,Brazil,,Plan 5
3,0,2,2,2,0,0,4,2,3,2,0,21966.38839279327,22351.28293968939,1.5145562130177506,2021-01-01,Brazil,,Plan 5
3,0,2,2,2,0,0,4,2,3,2,0,21860.315811478893,22217.172458263965,1.5145562130177506,2021-01-02,Brazil,,Plan 5
3,0,2,2,2,0,0,4,2,3,2,0,21758.84774826048,22093.64724391897,1.5145562130177506,2021-01-03,Brazil,,Plan 5
3,0,2,2,2,0,0,4,2,3,2,0,21660.98911383981,21978.44517986849,1.5145562130177506,2021-01-04,Brazil,,Plan 5
3,0,2,1,2,0,0,4,2,3,2,0,21620.864567189587,21877.633238743932,1.4022534516765282,2021-01-05,Brazil,,Plan 5
3,0,2,1,2,0,0,4,2,3,2,0,21615.409971433033,21794.448233068408,1.4022534516765282,2021-01-06,Brazil,,Plan 5
3,0,2,1,2,0,0,4,2,3,2,0,21633.824960685924,21730.948652240142,1.4022534516765282,2021-01-07,Brazil,,Plan 5
3,0,2,1,2,0,0,4,2,3,2,0,21670.02792945424,21688.61144319171,1.4022534516765282,2021-01-08,Brazil,,Plan 5
3,0,2,1,2,0,0,4,2,3,2,0,21720.010875704105,21668.567880938168,1.4022534516765282,2021-01-09,Brazil,,Plan 5
3,0,2,1,2,0,0,4,2,3,2,0,21780.85548809516,21671.711843771693,1.4022534516765282,2021-01-10,Brazil,,Plan 5
3,0,2,1,2,0,0,4,2,3,2,0,21850.32369664748,21698.75964131565,1.4022534516765282,2021-01-11,Brazil,,Plan 5
3,0,2,1,2,0,0,4,2,3,2,0,21926.65642318492,21742.444192172123,1.4022534516765282,2021-01-12,Brazil,,Plan 5
3,0,2,1,2,0,0,4,2,3,2,0,22008.455212067496,21798.593512262763,1.4022534516765282,2021-01-13,Brazil,,Plan 5
3,0,2,1,2,0,0,4,2,3,2,0,22094.602091692414,21864.418816692254,1.4022534516765282,2021-01-14,Brazil,,Plan 5
3,0,2,1,2,0,0,4,2,3,2,0,22184.200561591133,21937.872049854668,1.4022534516765282,2021-01-15,Brazil,,Plan 5
3,0,2,1,2,0,0,4,2,3,2,0,22276.53033217536,22017.374829350567,1.4022534516765282,2021-01-16,Brazil,,Plan 5
3,0,2,1,2,0,0,4,2,3,2,0,22371.011790769448,22101.682872589747,1.4022534516765282,2021-01-17,Brazil,,Plan 5
3,0,2,1,2,0,0,4,2,3,2,0,22467.177818975284,22189.80489006514,1.4022534516765282,2021-01-18,Brazil,,Plan 5
1,0,2,0,2,0,0,4,2,3,2,0,22922.893445155885,22332.12446463243,0.9252235371466134,2021-01-19,Brazil,,Plan 5
1,0,2,0,2,0,0,4,2,3,2,0,23682.926177539022,22571.334602556934,0.9252235371466134,2021-01-20,Brazil,,Plan 5
1,0,2,0,2,0,0,4,2,3,2,0,24669.1331170692,22939.124749039333,0.9252235371466134,2021-01-21,Brazil,,Plan 5
1,0,2,0,2,0,0,4,2,3,2,0,25849.7541957486,23462.77526820468,0.9252235371466134,2021-01-22,Brazil,,Plan 5
1,0,2,0,2,0,0,4,2,3,2,0,27211.01480033092,24167.701620798336,0.9252235371466134,2021-01-23,Brazil,,Plan 5
1,0,2,0,2,0,0,4,2,3,2,0,28747.146554498417,25078.578015616757,0.9252235371466134,2021-01-24,Brazil,,Plan 5
1,0,2,0,2,0,0,4,2,3,2,0,30456.711362622744,26219.93995042354,0.9252235371466134,2021-01-25,Brazil,,Plan 5
1,0,2,0,2,0,0,4,2,3,2,0,32341.112730638983,27565.39984834969,0.9252235371466134,2021-01-26,Brazil,,Plan 5
1,0,2,0,2,0,0,4,2,3,2,0,34403.900278552894,29096.967577065963,0.9252235371466134,2021-01-27,Brazil,,Plan 5
1,0,2,0,2,0,0,4,2,3,2,0,36650.39615392511,30808.57658233109,0.9252235371466134,2021-01-28,Brazil,,Plan 5
1,0,2,0,2,0,0,4,2,3,2,0,39087.46532998036,32699.67817293564,0.9252235371466134,2021-01-29,Brazil,,Plan 5
1,0,2,0,2,0,0,4,2,3,2,0,41723.36702922723,34772.87134849225,0.9252235371466134,2021-01-30,Brazil,,Plan 5
1,0,2,0,2,0,0,4,2,3,2,0,44567.655722477226,37032.944086774936,0.9252235371466134,2021-01-31,Brazil,,Plan 5
1,0,2,0,2,0,0,4,2,3,2,0,47631.11613804207,39486.430483263415,0.9252235371466134,2021-02-01,Brazil,,Plan 5
1,0,2,0,2,0,0,4,2,3,2,0,50925.72224226454,42141.37469920992,0.9252235371466134,2021-02-02,Brazil,,Plan 5
1,0,2,0,2,0,0,4,2,3,2,0,54464.614226371974,45007.190977469785,0.9252235371466134,2021-02-03,Brazil,,Plan 5
1,0,2,0,2,0,0,4,2,3,2,0,58262.08862505796,48094.575616203045,0.9252235371466134,2021-02-04,Brazil,,Plan 5
1,0,2,0,2,0,0,4,2,3,2,0,62333.59836526525,51415.451764100886,0.9252235371466134,2021-02-05,Brazil,,Plan 5
1,0,2,0,2,0,0,4,2,3,2,0,66695.76022139953,54982.9365058398,0.9252235371466134,2021-02-06,Brazil,,Plan 5
3,3,2,4,2,3,2,4,2,3,2,4,31157.946739921656,19443.07480301979,4.326982248520709,2020-12-08,Brazil,,Plan 7
3,3,2,4,2,3,2,4,2,3,2,4,25267.71409152076,19443.07480301979,4.326982248520709,2020-12-09,Brazil,,Plan 7
3,3,2,4,2,3,2,4,2,3,2,4,21203.01182593032,19443.07480301979,4.326982248520709,2020-12-10,Brazil,,Plan 7
3,3,2,4,2,3,2,4,2,3,2,4,18074.791071901327,19443.07480301979,4.326982248520709,2020-12-11,Brazil,,Plan 7
3,3,2,4,2,3,2,4,2,3,2,4,15516.466474205554,19443.07480301979,4.326982248520709,2020-12-12,Brazil,,Plan 7
3,3,2,4,2,3,2,4,2,3,2,4,13361.126537958171,19443.07480301979,4.326982248520709,2020-12-13,Brazil,,Plan 7
3,3,2,4,2,3,2,4,2,3,2,4,11520.466879700756,19443.07480301979,4.326982248520709,2020-12-14,Brazil,,Plan 7
3,3,2,4,2,3,2,4,2,3,2,4,9939.06545666848,16411.806048269336,4.326982248520709,2020-12-15,Brazil,,Plan 7
3,3,2,4,2,3,2,4,2,3,2,4,8576.839892071694,14027.395448348045,4.326982248520709,2020-12-16,Brazil,,Plan 7
3,3,2,4,2,3,2,4,2,3,2,4,7402.082984051653,12055.834185222522,4.326982248520709,2020-12-17,Brazil,,Plan 7
3,3,2,4,2,3,2,4,2,3,2,4,6388.502719351487,10386.364420572543,4.326982248520709,2020-12-18,Brazil,,Plan 7
3,3,2,4,2,3,2,4,2,3,2,4,5513.8051478478055,8957.412802521436,4.326982248520709,2020-12-19,Brazil,,Plan 7
3,3,2,4,2,3,2,4,2,3,2,4,4758.895502954063,7728.522654663706,4.326982248520709,2020-12-20,Brazil,,Plan 7
3,3,2,4,2,3,2,4,2,3,2,4,4107.346830977996,6669.505504846168,4.326982248520709,2020-12-21,Brazil,,Plan 7
3,3,2,4,2,3,2,4,2,3,2,4,3545.0002456233947,5756.067617554014,4.326982248520709,2020-12-22,Brazil,,Plan 7
3,3,2,4,2,3,2,4,2,3,2,4,3059.641788213603,4967.896459860001,4.326982248520709,2020-12-23,Brazil,,Plan 7
3,3,2,4,2,3,2,4,2,3,2,4,2640.7316249397877,4287.7034085583055,4.326982248520709,2020-12-24,Brazil,,Plan 7
3,3,2,4,2,3,2,4,2,3,2,4,2279.173291260888,3700.6563474025056,4.326982248520709,2020-12-25,Brazil,,Plan 7
3,3,2,4,2,3,2,4,2,3,2,4,1967.115601419895,3193.9864121985192,4.326982248520709,2020-12-26,Brazil,,Plan 7
3,3,2,4,2,3,2,4,2,3,2,4,1697.7820517780624,2756.684490601947,4.326982248520709,2020-12-27,Brazil,,Plan 7
3,3,2,4,2,3,2,4,2,3,2,4,1465.323699977286,2379.2526147447024,4.326982248520709,2020-12-28,Brazil,,Plan 7
3,3,2,4,2,3,2,4,2,3,2,4,1264.6922163725326,2053.494324851722,4.326982248520709,2020-12-29,Brazil,,Plan 7
3,3,2,4,2,3,2,4,2,3,2,4,1091.530316427011,1772.3355431679229,4.326982248520709,2020-12-30,Brazil,,Plan 7
3,3,2,4,2,3,2,4,2,3,2,4,942.0771862878768,1529.6706233605073,4.326982248520709,2020-12-31,Brazil,,Plan 7
3,3,2,4,2,3,2,4,2,3,2,4,813.0868478980681,1320.2297028801045,4.326982248520709,2021-01-01,Brazil,,Plan 7
3,3,2,4,2,3,2,4,2,3,2,4,701.7576933073274,1139.464287435452,4.326982248520709,2021-01-02,Brazil,,Plan 7
3,3,2,4,2,3,2,4,2,3,2,4,605.6716606107185,983.4485172686883,4.326982248520709,2021-01-03,Brazil,,Plan 7
3,3,2,4,2,3,2,4,2,3,2,4,522.7417329246172,848.7939505468788,4.326982248520709,2021-01-04,Brazil,,Plan 7
3,0,2,4,2,0,0,4,2,3,2,1,469.3210075320673,735.169492141098,1.8434023668639044,2021-01-05,Brazil,,Plan 7
3,0,2,4,2,0,0,4,2,3,2,1,431.11391257240194,640.8242915904395,1.8434023668639044,2021-01-06,Brazil,,Plan 7
3,0,2,4,2,0,0,4,2,3,2,1,401.73914641630284,563.6331430373576,1.8434023668639044,2021-01-07,Brazil,,Plan 7
3,0,2,4,2,0,0,4,2,3,2,1,378.1018220035649,501.4924250524286,1.8434023668639044,2021-01-08,Brazil,,Plan 7
3,0,2,4,2,0,0,4,2,3,2,1,358.5047234650799,452.45628650353615,1.8434023668639044,2021-01-09,Brazil,,Plan 7
3,0,2,4,2,0,0,4,2,3,2,1,341.89576119693294,414.77401515870963,1.8434023668639044,2021-01-10,Brazil,,Plan 7
3,0,2,4,2,0,0,4,2,3,2,1,327.5605517578498,386.89098927774285,1.8434023668639044,2021-01-11,Brazil,,Plan 7
3,0,2,4,2,0,0,4,2,3,2,1,314.9863335157225,364.84317870397933,1.8434023668639044,2021-01-12,Brazil,,Plan 7
3,0,2,4,2,0,0,4,2,3,2,1,303.7935688229438,346.65455816834253,1.8434023668639044,2021-01-13,Brazil,,Plan 7
3,0,2,4,2,0,0,4,2,3,2,1,293.69647981659244,331.21989151124086,1.8434023668639044,2021-01-14,Brazil,,Plan 7
3,0,2,4,2,0,0,4,2,3,2,1,284.4776264455671,317.84500643152694,1.8434023668639044,2021-01-15,Brazil,,Plan 7
3,0,2,4,2,0,0,4,2,3,2,1,275.9703540855611,306.0543822344529,1.8434023668639044,2021-01-16,Brazil,,Plan 7
3,0,2,4,2,0,0,4,2,3,2,1,268.0461855398449,295.5044428548688,1.8434023668639044,2021-01-17,Brazil,,Plan 7
3,0,2,4,2,0,0,4,2,3,2,1,260.60556364176955,285.9394445525717,1.8434023668639044,2021-01-18,Brazil,,Plan 7
3,0,2,1,2,0,0,4,2,3,2,0,255.81135983929943,277.48587688451124,1.4022534516765282,2021-01-19,Brazil,,Plan 7
3,0,2,1,2,0,0,4,2,3,2,0,252.5750619276214,270.16894732803655,1.4022534516765282,2021-01-20,Brazil,,Plan 7
3,0,2,1,2,0,0,4,2,3,2,0,250.38472417263336,263.98155366461384,1.4022534516765282,2021-01-21,Brazil,,Plan 7
3,0,2,1,2,0,0,4,2,3,2,0,248.95834510015686,258.90737061526954,1.4022534516765282,2021-01-22,Brazil,,Plan 7
3,0,2,1,2,0,0,4,2,3,2,0,248.11617654018718,254.92820239450185,1.4022534516765282,2021-01-23,Brazil,,Plan 7
3,0,2,1,2,0,0,4,2,3,2,0,247.7314061483066,252.0260910528535,1.4022534516765282,2021-01-24,Brazil,,Plan 7
3,0,2,1,2,0,0,4,2,3,2,0,247.70921556325047,250.1837556130651,1.4022534516765282,2021-01-25,Brazil,,Plan 7
3,0,2,1,2,0,0,4,2,3,2,0,247.97653297646443,249.06449463266003,1.4022534516765282,2021-01-26,Brazil,,Plan 7
3,0,2,1,2,0,0,4,2,3,2,0,248.47616477577407,248.47893789668186,1.4022534516765282,2021-01-27,Brazil,,Plan 7
3,0,2,1,2,0,0,4,2,3,2,0,249.1629689640585,248.30440143831402,1.4022534516765282,2021-01-28,Brazil,,Plan 7
3,0,2,1,2,0,0,4,2,3,2,0,250.0011394530349,248.45337206015373,1.4022534516765282,2021-01-29,Brazil,,Plan 7
3,0,2,1,2,0,0,4,2,3,2,0,250.96218547816693,248.85994476557946,1.4022534516765282,2021-01-30,Brazil,,Plan 7
3,0,2,1,2,0,0,4,2,3,2,0,252.02338597166082,249.47308474034432,1.4022534516765282,2021-01-31,Brazil,,Plan 7
3,0,2,1,2,0,0,4,2,3,2,0,253.1665913310811,250.25270985003442,1.4022534516765282,2021-02-01,Brazil,,Plan 7
3,0,2,1,2,0,0,4,2,3,2,0,254.37728746418537,251.16710334828025,1.4022534516765282,2021-02-02,Brazil,,Plan 7
3,0,2,1,2,0,0,4,2,3,2,0,255.64385447190145,252.19105901915557,1.4022534516765282,2021-02-03,Brazil,,Plan 7
3,0,2,1,2,0,0,4,2,3,2,0,256.95698462203916,253.30448982743852,1.4022534516765282,2021-02-04,Brazil,,Plan 7
3,0,2,1,2,0,0,4,2,3,2,0,258.30921952762543,254.4913584095229,1.4022534516765282,2021-02-05,Brazil,,Plan 7
3,0,2,1,2,0,0,4,2,3,2,0,259.6945809337653,255.73884347460842,1.4022534516765282,2021-02-06,Brazil,,Plan 7
3,0,2,1,2,0,0,4,2,3,2,0,36620.00022918357,35418.212132049644,1.4022534516765282,2020-12-08,Brazil,,Plan 2
3,0,2,1,2,0,0,4,2,3,2,0,35278.626786841225,35418.212132049644,1.4022534516765282,2020-12-09,Brazil,,Plan 2
3,0,2,1,2,0,0,4,2,3,2,0,34976.587801455746,35418.212132049644,1.4022534516765282,2020-12-10,Brazil,,Plan 2
3,0,2,1,2,0,0,4,2,3,2,0,35013.276229898656,35418.212132049644,1.4022534516765282,2020-12-11,Brazil,,Plan 2
3,0,2,1,2,0,0,4,2,3,2,0,35160.1347170933,35418.212132049644,1.4022534516765282,2020-12-12,Brazil,,Plan 2
3,0,2,1,2,0,0,4,2,3,2,0,35342.58447550833,35418.212132049644,1.4022534516765282,2020-12-13,Brazil,,Plan 2
3,0,2,1,2,0,0,4,2,3,2,0,35536.27468436669,35418.212132049644,1.4022534516765282,2020-12-14,Brazil,,Plan 2
3,0,2,1,2,0,0,4,2,3,2,0,35733.240197304425,35291.532127495484,1.4022534516765282,2020-12-15,Brazil,,Plan 2
3,0,2,1,2,0,0,4,2,3,2,0,35930.860723141115,35384.708404109755,1.4022534516765282,2020-12-16,Brazil,,Plan 2
3,0,2,1,2,0,0,4,2,3,2,0,36128.26009631578,35549.23301766119,1.4022534516765282,2020-12-17,Brazil,,Plan 2
3,0,2,1,2,0,0,4,2,3,2,0,36325.13073436307,35736.640804013245,1.4022534516765282,2020-12-18,Brazil,,Plan 2
3,0,2,1,2,0,0,4,2,3,2,0,36521.35044723534,35931.10019403353,1.4022534516765282,2020-12-19,Brazil,,Plan 2
3,0,2,1,2,0,0,4,2,3,2,0,36716.857863296835,36127.424963717596,1.4022534516765282,2020-12-20,Brazil,,Plan 2
3,0,2,1,2,0,0,4,2,3,2,0,36911.61087145285,36323.901561872786,1.4022534516765282,2020-12-21,Brazil,,Plan 2
2,0,2,0,2,0,0,4,2,3,2,0,37480.47344656272,36573.50631176682,1.1075871137409594,2020-12-22,Brazil,,Plan 2
2,0,2,0,2,0,0,4,2,3,2,0,38326.163746671264,36915.69245798541,1.1075871137409594,2020-12-23,Brazil,,Plan 2
2,0,2,0,2,0,0,4,2,3,2,0,39371.05401834204,37378.9487325606,1.1075871137409594,2020-12-24,Brazil,,Plan 2
2,0,2,0,2,0,0,4,2,3,2,0,40578.90212651253,37986.63036001051,1.1075871137409594,2020-12-25,Brazil,,Plan 2
2,0,2,0,2,0,0,4,2,3,2,0,41929.76468537236,38759.260965458656,1.1075871137409594,2020-12-26,Brazil,,Plan 2
2,0,2,0,2,0,0,4,2,3,2,0,43411.09983548823,39715.58124720028,1.1075871137409594,2020-12-27,Brazil,,Plan 2
2,0,2,0,2,0,0,4,2,3,2,0,45014.39388244304,40873.12167734174,1.1075871137409594,2020-12-28,Brazil,,Plan 2
2,0,2,0,2,0,0,4,2,3,2,0,46733.720786407386,42195.014154462406,1.1075871137409594,2020-12-29,Brazil,,Plan 2
2,0,2,0,2,0,0,4,2,3,2,0,48565.01433668436,43657.70709589285,1.1075871137409594,2020-12-30,Brazil,,Plan 2
2,0,2,0,2,0,0,4,2,3,2,0,50505.634231232594,45248.361412020065,1.1075871137409594,2020-12-31,Brazil,,Plan 2
2,0,2,0,2,0,0,4,2,3,2,0,52554.07286722137,46959.1000892642,1.1075871137409594,2021-01-01,Brazil,,Plan 2
2,0,2,0,2,0,0,4,2,3,2,0,54709.74117207849,48784.811015936495,1.1075871137409594,2021-01-02,Brazil,,Plan 2
2,0,2,0,2,0,0,4,2,3,2,0,56972.80560812799,50722.19755488504,1.1075871137409594,2021-01-03,Brazil,,Plan 2
2,0,2,0,2,0,0,4,2,3,2,0,59344.06059889236,52769.29280009208,1.1075871137409594,2021-01-04,Brazil,,Plan 2
1,0,2,0,2,0,0,4,2,3,2,0,62166.32460416758,54973.95048834354,0.9252235371466134,2021-01-05,Brazil,,Plan 2
1,0,2,0,2,0,0,4,2,3,2,0,65485.57545601343,57391.173505390536,0.9252235371466134,2021-01-06,Brazil,,Plan 2
1,0,2,0,2,0,0,4,2,3,2,0,69234.4547121011,60066.71928837176,0.9252235371466134,2021-01-07,Brazil,,Plan 2
1,0,2,0,2,0,0,4,2,3,2,0,73392.88914884978,63043.693042890096,0.9252235371466134,2021-01-08,Brazil,,Plan 2
1,0,2,0,2,0,0,4,2,3,2,0,77958.91395551537,66365.00344052394,0.9252235371466134,2021-01-09,Brazil,,Plan 2
1,0,2,0,2,0,0,4,2,3,2,0,82938.87942134394,70074.44255669767,0.9252235371466134,2021-01-10,Brazil,,Plan 2
1,0,2,0,2,0,0,4,2,3,2,0,88343.97439477348,74217.28738468068,0.9252235371466134,2021-01-11,Brazil,,Plan 2
1,0,2,0,2,0,0,4,2,3,2,0,94188.86600862331,78791.93615674577,0.9252235371466134,2021-01-12,Brazil,,Plan 2
1,0,2,0,2,0,0,4,2,3,2,0,100491.07189241395,83792.72136194585,0.9252235371466134,2021-01-13,Brazil,,Plan 2
1,0,2,0,2,0,0,4,2,3,2,0,107270.60962206834,89226.45777765545,0.9252235371466134,2021-01-14,Brazil,,Plan 2
1,0,2,0,2,0,0,4,2,3,2,0,114549.76551699448,95106.01154453328,0.9252235371466134,2021-01-15,Brazil,,Plan 2
1,0,2,0,2,0,0,4,2,3,2,0,122352.92144946274,101448.0126150972,0.9252235371466134,2021-01-16,Brazil,,Plan 2
1,0,2,0,2,0,0,4,2,3,2,0,130706.4137572399,108271.94609165376,0.9252235371466134,2021-01-17,Brazil,,Plan 2
1,0,2,0,2,0,0,4,2,3,2,0,139638.40870955357,115599.7224223366,0.9252235371466134,2021-01-18,Brazil,,Plan 2
2,0,2,0,2,0,0,4,2,3,2,0,148433.66216600515,123348.9790162483,1.1075871137409594,2021-01-19,Brazil,,Plan 2
2,0,2,0,2,0,0,4,2,3,2,0,156932.82412490412,131412.0864780326,1.1075871137409594,2021-01-20,Brazil,,Plan 2
2,0,2,0,2,0,0,4,2,3,2,0,165299.57665555066,139701.93891138726,1.1075871137409594,2021-01-21,Brazil,,Plan 2
2,0,2,0,2,0,0,4,2,3,2,0,173614.40680188526,148139.74480922875,1.1075871137409594,2021-01-22,Brazil,,Plan 2
2,0,2,0,2,0,0,4,2,3,2,0,181928.56000863086,156650.55031768134,1.1075871137409594,2021-01-23,Brazil,,Plan 2
2,0,2,0,2,0,0,4,2,3,2,0,190280.8701033951,165161.18693856066,1.1075871137409594,2021-01-24,Brazil,,Plan 2
2,0,2,0,2,0,0,4,2,3,2,0,198703.1684311598,173599.00975593302,1.1075871137409594,2021-01-25,Brazil,,Plan 2
2,0,2,0,2,0,0,4,2,3,2,0,207222.18954519788,181997.37081010337,1.1075871137409594,2021-01-26,Brazil,,Plan 2
2,0,2,0,2,0,0,4,2,3,2,0,215860.40967670808,190415.597317504,1.1075871137409594,2021-01-27,Brazil,,Plan 2
2,0,2,0,2,0,0,4,2,3,2,0,224636.5529372357,198892.3082148875,1.1075871137409594,2021-01-28,Brazil,,Plan 2
2,0,2,0,2,0,0,4,2,3,2,0,233565.98004417887,207456.8186780724,1.1075871137409594,2021-01-29,Brazil,,Plan 2
2,0,2,0,2,0,0,4,2,3,2,0,242661.0182699405,216132.8841439737,1.1075871137409594,2021-01-30,Brazil,,Plan 2
2,0,2,0,2,0,0,4,2,3,2,0,251931.2459979057,224940.0807003324,1.1075871137409594,2021-01-31,Brazil,,Plan 2
2,0,2,0,2,0,0,4,2,3,2,0,261383.7376443036,233894.44773078148,1.1075871137409594,2021-02-01,Brazil,,Plan 2
2,0,2,0,2,0,0,4,2,3,2,0,271023.26985774154,243008.88777543057,1.1075871137409594,2021-02-02,Brazil,,Plan 2
2,0,2,0,2,0,0,4,2,3,2,0,280852.4924811515,252293.47103320825,1.1075871137409594,2021-02-03,Brazil,,Plan 2
2,0,2,0,2,0,0,4,2,3,2,0,290872.06825388264,261755.6875070149,1.1075871137409594,2021-02-04,Brazil,,Plan 2
2,0,2,0,2,0,0,4,2,3,2,0,301080.7840306257,271400.65950507874,1.1075871137409594,2021-02-05,Brazil,,Plan 2
2,0,2,0,2,0,0,4,2,3,2,0,311475.638058105,281231.3194748165,1.1075871137409594,2021-02-06,Brazil,,Plan 2
3,0,2,1,2,0,0,4,2,3,2,0,36620.00022918357,35418.212132049644,1.4022534516765282,2020-12-08,Brazil,,Plan 3
3,0,2,1,2,0,0,4,2,3,2,0,35278.626786841225,35418.212132049644,1.4022534516765282,2020-12-09,Brazil,,Plan 3
3,0,2,1,2,0,0,4,2,3,2,0,34976.587801455746,35418.212132049644,1.4022534516765282,2020-12-10,Brazil,,Plan 3
3,0,2,1,2,0,0,4,2,3,2,0,35013.276229898656,35418.212132049644,1.4022534516765282,2020-12-11,Brazil,,Plan 3
3,0,2,1,2,0,0,4,2,3,2,0,35160.1347170933,35418.212132049644,1.4022534516765282,2020-12-12,Brazil,,Plan 3
3,0,2,1,2,0,0,4,2,3,2,0,35342.58447550833,35418.212132049644,1.4022534516765282,2020-12-13,Brazil,,Plan 3
3,0,2,1,2,0,0,4,2,3,2,0,35536.27468436669,35418.212132049644,1.4022534516765282,2020-12-14,Brazil,,Plan 3
3,0,2,1,2,0,0,4,2,3,2,0,35733.240197304425,35291.532127495484,1.4022534516765282,2020-12-15,Brazil,,Plan 3
3,0,2,1,2,0,0,4,2,3,2,0,35930.860723141115,35384.708404109755,1.4022534516765282,2020-12-16,Brazil,,Plan 3
3,0,2,1,2,0,0,4,2,3,2,0,36128.26009631578,35549.23301766119,1.4022534516765282,2020-12-17,Brazil,,Plan 3
3,0,2,1,2,0,0,4,2,3,2,0,36325.13073436307,35736.640804013245,1.4022534516765282,2020-12-18,Brazil,,Plan 3
3,0,2,1,2,0,0,4,2,3,2,0,36521.35044723534,35931.10019403353,1.4022534516765282,2020-12-19,Brazil,,Plan 3
3,0,2,1,2,0,0,4,2,3,2,0,36716.857863296835,36127.424963717596,1.4022534516765282,2020-12-20,Brazil,,Plan 3
3,0,2,1,2,0,0,4,2,3,2,0,36911.61087145285,36323.901561872786,1.4022534516765282,2020-12-21,Brazil,,Plan 3
3,0,2,2,1,0,0,4,2,3,2,0,37074.161547863216,36515.46175480974,1.4714102564102556,2020-12-22,Brazil,,Plan 3
3,0,2,2,1,0,0,4,2,3,2,0,37217.06866413417,36699.20574638018,1.4714102564102556,2020-12-23,Brazil,,Plan 3
3,0,2,2,1,0,0,4,2,3,2,0,37346.03232515578,36873.173207643034,1.4714102564102556,2020-12-24,Brazil,,Plan 3
3,0,2,2,1,0,0,4,2,3,2,0,37464.189014462674,37035.89581908584,1.4714102564102556,2020-12-25,Brazil,,Plan 3
3,0,2,2,1,0,0,4,2,3,2,0,37573.57854822149,37186.214119226715,1.4714102564102556,2020-12-26,Brazil,,Plan 3
3,0,2,2,1,0,0,4,2,3,2,0,37675.6759941338,37323.188137917714,1.4714102564102556,2020-12-27,Brazil,,Plan 3
3,0,2,2,1,0,0,4,2,3,2,0,37771.60743527194,37446.044789891865,1.4714102564102556,2020-12-28,Brazil,,Plan 3
3,0,2,2,1,0,0,4,2,3,2,0,37862.25398723034,37558.629424087165,1.4714102564102556,2020-12-29,Brazil,,Plan 3
3,0,2,2,1,0,0,4,2,3,2,0,37948.31234825189,37663.092807532565,1.4714102564102556,2020-12-30,Brazil,,Plan 3
3,0,2,2,1,0,0,4,2,3,2,0,38030.33556125897,37760.85041269015,1.4714102564102556,2020-12-31,Brazil,,Plan 3
3,0,2,2,1,0,0,4,2,3,2,0,38108.76312739213,37852.93242882293,1.4714102564102556,2021-01-01,Brazil,,Plan 3
3,0,2,2,1,0,0,4,2,3,2,0,38183.944266798564,37940.1275314768,1.4714102564102556,2021-01-02,Brazil,,Plan 3
3,0,2,2,1,0,0,4,2,3,2,0,38256.156160342165,38023.05326950657,1.4714102564102556,2021-01-03,Brazil,,Plan 3
3,0,2,2,1,0,0,4,2,3,2,0,38325.61847905837,38102.197704333186,1.4714102564102556,2021-01-04,Brazil,,Plan 3
1,0,2,0,2,0,0,4,2,3,2,0,39037.562004061736,38270.098849594826,0.9252235371466134,2021-01-05,Brazil,,Plan 3
1,0,2,0,2,0,0,4,2,3,2,0,40281.53773008934,38603.4167612859,0.9252235371466134,2021-01-06,Brazil,,Plan 3
1,0,2,0,2,0,0,4,2,3,2,0,41916.96891298783,39158.65009724716,0.9252235371466134,2021-01-07,Brazil,,Plan 3
1,0,2,0,2,0,0,4,2,3,2,0,43886.224458499775,39984.001715976825,0.9252235371466134,2021-01-08,Brazil,,Plan 3
1,0,2,0,2,0,0,4,2,3,2,0,46163.7922233922,41123.97999549021,0.9252235371466134,2021-01-09,Brazil,,Plan 3
1,0,2,0,2,0,0,4,2,3,2,0,48738.3745187144,42621.439760971945,0.9252235371466134,2021-01-10,Brazil,,Plan 3
1,0,2,0,2,0,0,4,2,3,2,0,51606.278125389916,44518.67685330503,0.9252235371466134,2021-01-11,Brazil,,Plan 3
1,0,2,0,2,0,0,4,2,3,2,0,54768.72828149199,46765.98632150934,0.9252235371466134,2021-01-12,Brazil,,Plan 3
1,0,2,0,2,0,0,4,2,3,2,0,58230.605581669006,49330.13887173501,0.9252235371466134,2021-01-13,Brazil,,Plan 3
1,0,2,0,2,0,0,4,2,3,2,0,61999.75826951605,52199.10877981048,0.9252235371466134,2021-01-14,Brazil,,Plan 3
1,0,2,0,2,0,0,4,2,3,2,0,66086.57087649679,55370.58683952434,0.9252235371466134,2021-01-15,Brazil,,Plan 3
1,0,2,0,2,0,0,4,2,3,2,0,70503.67487123584,58847.71293207343,0.9252235371466134,2021-01-16,Brazil,,Plan 3
1,0,2,0,2,0,0,4,2,3,2,0,75265.7454216812,62637.337346782966,0.9252235371466134,2021-01-17,Brazil,,Plan 3
1,0,2,0,2,0,0,4,2,3,2,0,80389.35516947099,66749.2054959374,0.9252235371466134,2021-01-18,Brazil,,Plan 3
1,0,2,0,2,0,0,4,2,3,2,0,85892.8668935138,71195.51101194051,0.9252235371466134,2021-01-19,Brazil,,Plan 3
1,0,2,0,2,0,0,4,2,3,2,0,91796.3538354082,75990.61790533185,0.9252235371466134,2021-01-20,Brazil,,Plan 3
1,0,2,0,2,0,0,4,2,3,2,0,98121.53853253524,81150.8722286203,0.9252235371466134,2021-01-21,Brazil,,Plan 3
1,0,2,0,2,0,0,4,2,3,2,0,104891.74382580485,86694.46836423573,0.9252235371466134,2021-01-22,Brazil,,Plan 3
1,0,2,0,2,0,0,4,2,3,2,0,112131.85100251931,92641.3506687048,0.9252235371466134,2021-01-23,Brazil,,Plan 3
1,0,2,0,2,0,0,4,2,3,2,0,119868.26040585384,99013.1385235866,0.9252235371466134,2021-01-24,Brazil,,Plan 3
1,0,2,0,2,0,0,4,2,3,2,0,128128.85078141185,105833.06646814957,0.9252235371466134,2021-01-25,Brazil,,Plan 3
1,0,2,0,2,0,0,4,2,3,2,0,136942.9342630465,113125.9332352257,0.9252235371466134,2021-01-26,Brazil,,Plan 3
1,0,2,0,2,0,0,4,2,3,2,0,146341.20324496186,120918.05457944765,0.9252235371466134,2021-01-27,Brazil,,Plan 3
1,0,2,0,2,0,0,4,2,3,2,0,156355.66583827412,129237.21562312463,0.9252235371466134,2021-01-28,Brazil,,Plan 3
1,0,2,0,2,0,0,4,2,3,2,0,167019.5668637625,138112.61891426143,0.9252235371466134,2021-01-29,Brazil,,Plan 3
1,0,2,0,2,0,0,4,2,3,2,0,178367.29121422087,147574.82465879022,0.9252235371466134,2021-01-30,Brazil,,Plan 3
1,0,2,0,2,0,0,4,2,3,2,0,190434.24582037985,157655.6797180082,0.9252235371466134,2021-01-31,Brazil,,Plan 3
1,0,2,0,2,0,0,4,2,3,2,0,203256.7164300991,168388.23195353494,0.9252235371466134,2021-02-01,Brazil,,Plan 3
1,0,2,0,2,0,0,4,2,3,2,0,216871.69573723822,179806.62644984806,0.9252235371466134,2021-02-02,Brazil,,Plan 3
1,0,2,0,2,0,0,4,2,3,2,0,231316.67889412548,191945.9801140143,0.9252235371466134,2021-02-03,Brazil,,Plan 3
1,0,2,0,2,0,0,4,2,3,2,0,246629.42439285282,204842.2313360969,0.9252235371466134,2021-02-04,Brazil,,Plan 3
1,0,2,0,2,0,0,4,2,3,2,0,262847.6660899429,218531.95979697985,0.9252235371466134,2021-02-05,Brazil,,Plan 3
1,0,2,0,2,0,0,4,2,3,2,0,280008.7924065968,233052.1742530336,0.9252235371466134,2021-02-06,Brazil,,Plan 3
3,3,2,4,2,3,2,4,2,3,2,4,31157.946739921656,19443.07480301979,4.326982248520709,2020-12-08,Brazil,,Plan 6
3,3,2,4,2,3,2,4,2,3,2,4,25267.71409152076,19443.07480301979,4.326982248520709,2020-12-09,Brazil,,Plan 6
3,3,2,4,2,3,2,4,2,3,2,4,21203.01182593032,19443.07480301979,4.326982248520709,2020-12-10,Brazil,,Plan 6
3,3,2,4,2,3,2,4,2,3,2,4,18074.791071901327,19443.07480301979,4.326982248520709,2020-12-11,Brazil,,Plan 6
3,3,2,4,2,3,2,4,2,3,2,4,15516.466474205554,19443.07480301979,4.326982248520709,2020-12-12,Brazil,,Plan 6
3,3,2,4,2,3,2,4,2,3,2,4,13361.126537958171,19443.07480301979,4.326982248520709,2020-12-13,Brazil,,Plan 6
3,3,2,4,2,3,2,4,2,3,2,4,11520.466879700756,19443.07480301979,4.326982248520709,2020-12-14,Brazil,,Plan 6
3,3,2,4,2,3,2,4,2,3,2,4,9939.06545666848,16411.806048269336,4.326982248520709,2020-12-15,Brazil,,Plan 6
3,3,2,4,2,3,2,4,2,3,2,4,8576.839892071694,14027.395448348045,4.326982248520709,2020-12-16,Brazil,,Plan 6
3,3,2,4,2,3,2,4,2,3,2,4,7402.082984051653,12055.834185222522,4.326982248520709,2020-12-17,Brazil,,Plan 6
3,3,2,4,2,3,2,4,2,3,2,4,6388.502719351487,10386.364420572543,4.326982248520709,2020-12-18,Brazil,,Plan 6
3,3,2,4,2,3,2,4,2,3,2,4,5513.8051478478055,8957.412802521436,4.326982248520709,2020-12-19,Brazil,,Plan 6
3,3,2,4,2,3,2,4,2,3,2,4,4758.895502954063,7728.522654663706,4.326982248520709,2020-12-20,Brazil,,Plan 6
3,3,2,4,2,3,2,4,2,3,2,4,4107.346830977996,6669.505504846168,4.326982248520709,2020-12-21,Brazil,,Plan 6
3,0,2,3,2,0,0,4,2,3,2,0,3709.044439011301,5779.502502323715,1.6268589743589734,2020-12-22,Brazil,,Plan 6
3,0,2,3,2,0,0,4,2,3,2,0,3435.6013074019097,5045.0398473708865,1.6268589743589734,2020-12-23,Brazil,,Plan 6
3,0,2,3,2,0,0,4,2,3,2,0,3231.9965647242107,4449.3132160383975,1.6268589743589734,2020-12-24,Brazil,,Plan 6
3,0,2,3,2,0,0,4,2,3,2,0,3072.722861354593,3975.6303791816968,1.6268589743589734,2020-12-25,Brazil,,Plan 6
3,0,2,3,2,0,0,4,2,3,2,0,2944.2953747083097,3608.557554447484,1.6268589743589734,2020-12-26,Brazil,,Plan 6
3,0,2,3,2,0,0,4,2,3,2,0,2838.522957779773,3334.2186194225856,1.6268589743589734,2020-12-27,Brazil,,Plan 6
3,0,2,3,2,0,0,4,2,3,2,0,2749.8794239338536,3140.294704130565,1.6268589743589734,2020-12-28,Brazil,,Plan 6
3,0,2,3,2,0,0,4,2,3,2,0,2674.3947937138823,2992.487611945219,1.6268589743589734,2020-12-29,Brazil,,Plan 6
3,0,2,3,2,0,0,4,2,3,2,0,2609.1200721150917,2874.4188640471025,1.6268589743589734,2020-12-30,Brazil,,Plan 6
3,0,2,3,2,0,0,4,2,3,2,0,2551.8255335094627,2777.2515738735665,1.6268589743589734,2020-12-31,Brazil,,Plan 6
3,0,2,3,2,0,0,4,2,3,2,0,2500.807843443992,2695.549428457766,1.6268589743589734,2021-01-01,Brazil,,Plan 6
3,0,2,3,2,0,0,4,2,3,2,0,2454.756819507621,2625.6153491433824,1.6268589743589734,2021-01-02,Brazil,,Plan 6
3,0,2,3,2,0,0,4,2,3,2,0,2412.6595032429573,2564.7777127809804,1.6268589743589734,2021-01-03,Brazil,,Plan 6
3,0,2,3,2,0,0,4,2,3,2,0,2373.7293187139485,2511.041983463851,1.6268589743589734,2021-01-04,Brazil,,Plan 6
3,0,2,3,2,0,0,4,2,3,2,0,2337.35328629807,2462.8931966901628,1.6268589743589734,2021-01-05,Brazil,,Plan 6
3,0,2,3,2,0,0,4,2,3,2,0,2303.052206392489,2419.169215872649,1.6268589743589734,2021-01-06,Brazil,,Plan 6
3,0,2,3,2,0,0,4,2,3,2,0,2270.4504236655257,2378.9727716092293,1.6268589743589734,2021-01-07,Brazil,,Plan 6
3,0,2,3,2,0,0,4,2,3,2,0,2239.252731400315,2341.607755602989,1.6268589743589734,2021-01-08,Brazil,,Plan 6
3,0,2,3,2,0,0,4,2,3,2,0,2209.226617053923,2306.532012395319,1.6268589743589734,2021-01-09,Brazil,,Plan 6
3,0,2,3,2,0,0,4,2,3,2,0,2180.1885601526446,2273.3218776681306,1.6268589743589734,2021-01-10,Brazil,,Plan 6
3,0,2,3,2,0,0,4,2,3,2,0,2151.993408915107,2241.645319125439,1.6268589743589734,2021-01-11,Brazil,,Plan 6
3,0,2,3,2,0,0,4,2,3,2,0,2124.5261125518273,2211.2414371616896,1.6268589743589734,2021-01-12,Brazil,,Plan 6
3,0,2,3,2,0,0,4,2,3,2,0,2097.6952761222124,2181.904732837365,1.6268589743589734,2021-01-13,Brazil,,Plan 6
3,0,2,3,2,0,0,4,2,3,2,0,2071.428119123252,2153.4729750456117,1.6268589743589734,2021-01-14,Brazil,,Plan 6
3,0,2,3,2,0,0,4,2,3,2,0,2045.6665187216706,2125.817801805805,1.6268589743589734,2021-01-15,Brazil,,Plan 6
3,0,2,3,2,0,0,4,2,3,2,0,2020.3639057103198,2098.8374144710046,1.6268589743589734,2021-01-16,Brazil,,Plan 6
3,0,2,3,2,0,0,4,2,3,2,0,1995.4828314820688,2072.4508818037802,1.6268589743589734,2021-01-17,Brazil,,Plan 6
3,0,2,3,2,0,0,4,2,3,2,0,1970.9930463028566,2046.5936871448864,1.6268589743589734,2021-01-18,Brazil,,Plan 6
3,0,2,0,1,0,0,4,2,3,2,0,1965.353771600273,2023.854781294665,1.24680473372781,2021-01-19,Brazil,,Plan 6
3,0,2,0,1,0,0,4,2,3,2,0,1970.7853771812022,2005.724795731664,1.24680473372781,2021-01-20,Brazil,,Plan 6
3,0,2,0,1,0,0,4,2,3,2,0,1983.8096200277491,1993.2078672894486,1.24680473372781,2021-01-21,Brazil,,Plan 6
3,0,2,0,1,0,0,4,2,3,2,0,2002.5940132321844,1987.0546522195216,1.24680473372781,2021-01-22,Brazil,,Plan 6
3,0,2,0,1,0,0,4,2,3,2,0,2026.0024872645731,1987.860163870129,1.24680473372781,2021-01-23,Brazil,,Plan 6
3,0,2,0,1,0,0,4,2,3,2,0,2053.2426322600368,1996.111563981268,1.24680473372781,2021-01-24,Brazil,,Plan 6
3,0,2,0,1,0,0,4,2,3,2,0,2083.723058035471,2012.2158513716408,1.24680473372781,2021-01-25,Brazil,,Plan 6
3,0,2,0,1,0,0,4,2,3,2,0,2116.9871752921244,2033.8777661847628,1.24680473372781,2021-01-26,Brazil,,Plan 6
3,0,2,0,1,0,0,4,2,3,2,0,2152.67684988798,2059.862262285731,1.24680473372781,2021-01-27,Brazil,,Plan 6
3,0,2,0,1,0,0,4,2,3,2,0,2190.5092582145244,2089.390782026699,1.24680473372781,2021-01-28,Brazil,,Plan 6
3,0,2,0,1,0,0,4,2,3,2,0,2230.2605857556414,2121.9145781014786,1.24680473372781,2021-01-29,Brazil,,Plan 6
3,0,2,0,1,0,0,4,2,3,2,0,2271.753870905949,2157.021918621675,1.24680473372781,2021-01-30,Brazil,,Plan 6
3,0,2,0,1,0,0,4,2,3,2,0,2314.849658365444,2194.394350922448,1.24680473372781,2021-01-31,Brazil,,Plan 6
3,0,2,0,1,0,0,4,2,3,2,0,2359.438650250065,2233.78229266739,1.24680473372781,2021-02-01,Brazil,,Plan 6
3,0,2,0,1,0,0,4,2,3,2,0,2405.4359304053805,2274.989257683569,1.24680473372781,2021-02-02,Brazil,,Plan 6
3,0,2,0,1,0,0,4,2,3,2,0,2452.776345630868,2317.8606142182675,1.24680473372781,2021-02-03,Brazil,,Plan 6
3,0,2,0,1,0,0,4,2,3,2,0,2501.410814697817,2362.275122287309,1.24680473372781,2021-02-04,Brazil,,Plan 6
3,0,2,0,1,0,0,4,2,3,2,0,2551.3033670561954,2408.1383767588172,1.24680473372781,2021-02-05,Brazil,,Plan 6
3,0,2,0,1,0,0,4,2,3,2,0,2602.428748433109,2455.377644976983,1.24680473372781,2021-02-06,Brazil,,Plan 6
3,3,2,4,2,3,2,4,2,3,2,4,31157.946739921656,19443.07480301979,4.326982248520709,2020-12-08,Brazil,,Plan 8
3,3,2,4,2,3,2,4,2,3,2,4,25267.71409152076,19443.07480301979,4.326982248520709,2020-12-09,Brazil,,Plan 8
3,3,2,4,2,3,2,4,2,3,2,4,21203.01182593032,19443.07480301979,4.326982248520709,2020-12-10,Brazil,,Plan 8
3,3,2,4,2,3,2,4,2,3,2,4,18074.791071901327,19443.07480301979,4.326982248520709,2020-12-11,Brazil,,Plan 8
3,3,2,4,2,3,2,4,2,3,2,4,15516.466474205554,19443.07480301979,4.326982248520709,2020-12-12,Brazil,,Plan 8
3,3,2,4,2,3,2,4,2,3,2,4,13361.126537958171,19443.07480301979,4.326982248520709,2020-12-13,Brazil,,Plan 8
3,3,2,4,2,3,2,4,2,3,2,4,11520.466879700756,19443.07480301979,4.326982248520709,2020-12-14,Brazil,,Plan 8
3,3,2,4,2,3,2,4,2,3,2,4,9939.06545666848,16411.806048269336,4.326982248520709,2020-12-15,Brazil,,Plan 8
3,3,2,4,2,3,2,4,2,3,2,4,8576.839892071694,14027.395448348045,4.326982248520709,2020-12-16,Brazil,,Plan 8
3,3,2,4,2,3,2,4,2,3,2,4,7402.082984051653,12055.834185222522,4.326982248520709,2020-12-17,Brazil,,Plan 8
3,3,2,4,2,3,2,4,2,3,2,4,6388.502719351487,10386.364420572543,4.326982248520709,2020-12-18,Brazil,,Plan 8
3,3,2,4,2,3,2,4,2,3,2,4,5513.8051478478055,8957.412802521436,4.326982248520709,2020-12-19,Brazil,,Plan 8
3,3,2,4,2,3,2,4,2,3,2,4,4758.895502954063,7728.522654663706,4.326982248520709,2020-12-20,Brazil,,Plan 8
3,3,2,4,2,3,2,4,2,3,2,4,4107.346830977996,6669.505504846168,4.326982248520709,2020-12-21,Brazil,,Plan 8
3,3,2,4,2,3,2,4,2,3,2,4,3545.0002456233947,5756.067617554014,4.326982248520709,2020-12-22,Brazil,,Plan 8
3,3,2,4,2,3,2,4,2,3,2,4,3059.641788213603,4967.896459860001,4.326982248520709,2020-12-23,Brazil,,Plan 8
3,3,2,4,2,3,2,4,2,3,2,4,2640.7316249397877,4287.7034085583055,4.326982248520709,2020-12-24,Brazil,,Plan 8
3,3,2,4,2,3,2,4,2,3,2,4,2279.173291260888,3700.6563474025056,4.326982248520709,2020-12-25,Brazil,,Plan 8
3,3,2,4,2,3,2,4,2,3,2,4,1967.115601419895,3193.9864121985192,4.326982248520709,2020-12-26,Brazil,,Plan 8
3,3,2,4,2,3,2,4,2,3,2,4,1697.7820517780624,2756.684490601947,4.326982248520709,2020-12-27,Brazil,,Plan 8
3,3,2,4,2,3,2,4,2,3,2,4,1465.323699977286,2379.2526147447024,4.326982248520709,2020-12-28,Brazil,,Plan 8
3,3,2,4,2,3,2,4,2,3,2,4,1264.6922163725326,2053.494324851722,4.326982248520709,2020-12-29,Brazil,,Plan 8
3,3,2,4,2,3,2,4,2,3,2,4,1091.530316427011,1772.3355431679229,4.326982248520709,2020-12-30,Brazil,,Plan 8
3,3,2,4,2,3,2,4,2,3,2,4,942.0771862878768,1529.6706233605073,4.326982248520709,2020-12-31,Brazil,,Plan 8
3,3,2,4,2,3,2,4,2,3,2,4,813.0868478980681,1320.2297028801045,4.326982248520709,2021-01-01,Brazil,,Plan 8
3,3,2,4,2,3,2,4,2,3,2,4,701.7576933073274,1139.464287435452,4.326982248520709,2021-01-02,Brazil,,Plan 8
3,3,2,4,2,3,2,4,2,3,2,4,605.6716606107185,983.4485172686883,4.326982248520709,2021-01-03,Brazil,,Plan 8
3,3,2,4,2,3,2,4,2,3,2,4,522.7417329246172,848.7939505468788,4.326982248520709,2021-01-04,Brazil,,Plan 8
3,3,2,4,2,3,2,4,2,3,2,4,451.16662205356033,732.5760085013112,4.326982248520709,2021-01-05,Brazil,,Plan 8
3,3,2,4,2,3,2,4,2,3,2,4,389.39165407994483,632.2704853088732,4.326982248520709,2021-01-06,Brazil,,Plan 8
3,3,2,4,2,3,2,4,2,3,2,4,336.07500843472627,545.698745615566,4.326982248520709,2021-01-07,Brazil,,Plan 8
3,3,2,4,2,3,2,4,2,3,2,4,290.05857799316124,470.9804213434365,4.326982248520709,2021-01-08,Brazil,,Plan 8
3,3,2,4,2,3,2,4,2,3,2,4,250.3428178882312,406.4925819978514,4.326982248520709,2021-01-09,Brazil,,Plan 8
3,3,2,4,2,3,2,4,2,3,2,4,216.06503720562327,350.83449293998063,4.326982248520709,2021-01-10,Brazil,,Plan 8
3,3,2,4,2,3,2,4,2,3,2,4,186.48066238205203,302.7971971481856,4.326982248520709,2021-01-11,Brazil,,Plan 8
3,3,2,4,2,3,2,4,2,3,2,4,160.94706558424588,261.3372605097121,4.326982248520709,2021-01-12,Brazil,,Plan 8
3,3,2,4,2,3,2,4,2,3,2,4,138.90960699161636,225.55411092566516,4.326982248520709,2021-01-13,Brazil,,Plan 8
3,3,2,4,2,3,2,4,2,3,2,4,119.8895879430888,194.67047942685986,4.326982248520709,2021-01-14,Brazil,,Plan 8
3,3,2,4,2,3,2,4,2,3,2,4,103.47385337719206,168.01551876743562,4.326982248520709,2021-01-15,Brazil,,Plan 8
3,3,2,4,2,3,2,4,2,3,2,4,89.30581779136469,145.01023303931186,4.326982248520709,2021-01-16,Brazil,,Plan 8
3,3,2,4,2,3,2,4,2,3,2,4,77.07771984658858,125.15490198802121,4.326982248520709,2021-01-17,Brazil,,Plan 8
3,3,2,4,2,3,2,4,2,3,2,4,66.52393741611341,108.01822699288712,4.326982248520709,2021-01-18,Brazil,,Plan 8
3,0,2,4,2,0,0,4,2,3,2,0,59.78459208066813,93.56644506380457,1.7391617357001965,2021-01-19,Brazil,,Plan 8
3,0,2,4,2,0,0,4,2,3,2,0,55.0020109992711,81.57964563632666,1.7391617357001965,2021-01-20,Brazil,,Plan 8
3,0,2,4,2,0,0,4,2,3,2,0,51.350005967557784,71.78827678267939,1.7391617357001965,2021-01-21,Brazil,,Plan 8
3,0,2,4,2,0,0,4,2,3,2,0,48.42979963559912,63.9248405338804,1.7391617357001965,2021-01-22,Brazil,,Plan 8
3,0,2,4,2,0,0,4,2,3,2,0,46.02362954686564,57.74167078466626,1.7391617357001965,2021-01-23,Brazil,,Plan 8
3,0,2,4,2,0,0,4,2,3,2,0,43.99684225214349,53.01583112831697,1.7391617357001965,2021-01-24,Brazil,,Plan 8
3,0,2,4,2,0,0,4,2,3,2,0,42.258080691198735,49.54928016761485,1.7391617357001965,2021-01-25,Brazil,,Plan 8
3,0,2,4,2,0,0,4,2,3,2,0,40.74176073352411,46.828875689451415,1.7391617357001965,2021-01-26,Brazil,,Plan 8
3,0,2,4,2,0,0,4,2,3,2,0,39.39931029849723,44.59991844648373,1.7391617357001965,2021-01-27,Brazil,,Plan 8
3,0,2,4,2,0,0,4,2,3,2,0,38.194132147615335,42.720507900777655,1.7391617357001965,2021-01-28,Brazil,,Plan 8
3,0,2,4,2,0,0,4,2,3,2,0,37.09836388303399,41.10173136469694,1.7391617357001965,2021-01-29,Brazil,,Plan 8
3,0,2,4,2,0,0,4,2,3,2,0,36.090641468397976,39.68273306777297,1.7391617357001965,2021-01-30,Brazil,,Plan 8
3,0,2,4,2,0,0,4,2,3,2,0,35.1544920951408,38.41954018820117,1.7391617357001965,2021-01-31,Brazil,,Plan 8
3,0,2,4,2,0,0,4,2,3,2,0,34.27715341637367,37.279407720369015,1.7391617357001965,2021-02-01,Brazil,,Plan 8
3,0,2,4,2,0,0,4,2,3,2,0,33.44869452732857,36.237541119483936,1.7391617357001965,2021-02-02,Brazil,,Plan 8
3,0,2,4,2,0,0,4,2,3,2,0,32.661355593956216,35.274976161692365,1.7391617357001965,2021-02-03,Brazil,,Plan 8
3,0,2,4,2,0,0,4,2,3,2,0,31.9090481514461,34.37710701938248,1.7391617357001965,2021-02-04,Brazil,,Plan 8
3,0,2,4,2,0,0,4,2,3,2,0,31.18697530586379,33.53262293692959,1.7391617357001965,2021-02-05,Brazil,,Plan 8
3,0,2,4,2,0,0,4,2,3,2,0,30.491340474373605,32.732722794926104,1.7391617357001965,2021-02-06,Brazil,,Plan 8
3,0,2,3,2,0,0,4,2,3,2,0,35889.04437481253,32815.58925336232,1.6268589743589734,2020-12-08,Brazil,,Plan 4
3,0,2,3,2,0,0,4,2,3,2,0,33880.71996195963,32815.58925336232,1.6268589743589734,2020-12-09,Brazil,,Plan 4
3,0,2,3,2,0,0,4,2,3,2,0,32951.666057948954,32815.58925336232,1.6268589743589734,2020-12-10,Brazil,,Plan 4
3,0,2,3,2,0,0,4,2,3,2,0,32382.44746616848,32815.58925336232,1.6268589743589734,2020-12-11,Brazil,,Plan 4
3,0,2,3,2,0,0,4,2,3,2,0,31934.744390377764,32815.58925336232,1.6268589743589734,2020-12-12,Brazil,,Plan 4
3,0,2,3,2,0,0,4,2,3,2,0,31529.6103074306,32815.58925336232,1.6268589743589734,2020-12-13,Brazil,,Plan 4
3,0,2,3,2,0,0,4,2,3,2,0,31140.89221483831,32815.58925336232,1.6268589743589734,2020-12-14,Brazil,,Plan 4
3,0,2,3,2,0,0,4,2,3,2,0,30759.926709801563,32082.858158360763,1.6268589743589734,2020-12-15,Brazil,,Plan 4
3,0,2,3,2,0,0,4,2,3,2,0,30383.8435729176,31583.30438849761,1.6268589743589734,2020-12-16,Brazil,,Plan 4
3,0,2,3,2,0,0,4,2,3,2,0,30011.691456491688,31163.308016860854,1.6268589743589734,2020-12-17,Brazil,,Plan 4
3,0,2,3,2,0,0,4,2,3,2,0,29643.154089150405,30771.980391572564,1.6268589743589734,2020-12-18,Brazil,,Plan 4
3,0,2,3,2,0,0,4,2,3,2,0,29278.12487567061,30392.463318042974,1.6268589743589734,2020-12-19,Brazil,,Plan 4
3,0,2,3,2,0,0,4,2,3,2,0,28916.56608535177,30019.171286317418,1.6268589743589734,2020-12-20,Brazil,,Plan 4
3,0,2,3,2,0,0,4,2,3,2,0,28558.462236438838,29650.252717974643,1.6268589743589734,2020-12-21,Brazil,,Plan 4
3,0,2,1,2,0,0,4,2,3,2,0,28354.658553128862,29306.642981307115,1.4022534516765282,2020-12-22,Brazil,,Plan 4
3,0,2,1,2,0,0,4,2,3,2,0,28239.110075517707,29000.252481678555,1.4022534516765282,2020-12-23,Brazil,,Plan 4
3,0,2,1,2,0,0,4,2,3,2,0,28181.965405256728,28738.863045787846,1.4022534516765282,2020-12-24,Brazil,,Plan 4
3,0,2,1,2,0,0,4,2,3,2,0,28167.214170836065,28528.014486028656,1.4022534516765282,2020-12-25,Brazil,,Plan 4
3,0,2,1,2,0,0,4,2,3,2,0,28184.768718411116,28371.8207492773,1.4022534516765282,2020-12-26,Brazil,,Plan 4
3,0,2,1,2,0,0,4,2,3,2,0,28227.519705896237,28273.385552212218,1.4022534516765282,2020-12-27,Brazil,,Plan 4
3,0,2,1,2,0,0,4,2,3,2,0,28290.131271749204,28235.052557256564,1.4022534516765282,2020-12-28,Brazil,,Plan 4
3,0,2,1,2,0,0,4,2,3,2,0,28368.469424735737,28237.025538914688,1.4022534516765282,2020-12-29,Brazil,,Plan 4
3,0,2,1,2,0,0,4,2,3,2,0,28459.28075750996,28268.478493485014,1.4022534516765282,2020-12-30,Brazil,,Plan 4
3,0,2,1,2,0,0,4,2,3,2,0,28559.983919443603,28322.481138368847,1.4022534516765282,2020-12-31,Brazil,,Plan 4
3,0,2,1,2,0,0,4,2,3,2,0,28668.52112832149,28394.096418009623,1.4022534516765282,2021-01-01,Brazil,,Plan 4
3,0,2,1,2,0,0,4,2,3,2,0,28783.246902702333,28479.5933014798,1.4022534516765282,2021-01-02,Brazil,,Plan 4
3,0,2,1,2,0,0,4,2,3,2,0,28902.842336613365,28576.06796301081,1.4022534516765282,2021-01-03,Brazil,,Plan 4
3,0,2,1,2,0,0,4,2,3,2,0,29026.248154399047,28681.227517675085,1.4022534516765282,2021-01-04,Brazil,,Plan 4
2,0,2,0,2,0,0,4,2,3,2,0,29437.422008965917,28833.935029707965,1.1075871137409594,2021-01-05,Brazil,,Plan 4
2,0,2,0,2,0,0,4,2,3,2,0,30064.568012136515,29063.261780368888,1.1075871137409594,2021-01-06,Brazil,,Plan 4
2,0,2,0,2,0,0,4,2,3,2,0,30849.102322828003,29390.278695138088,1.1075871137409594,2021-01-07,Brazil,,Plan 4
2,0,2,0,2,0,0,4,2,3,2,0,31763.050037283432,29832.35425356123,1.1075871137409594,2021-01-08,Brazil,,Plan 4
2,0,2,0,2,0,0,4,2,3,2,0,32790.65959056832,30404.841780399234,1.1075871137409594,2021-01-09,Brazil,,Plan 4
2,0,2,0,2,0,0,4,2,3,2,0,33921.83478556136,31121.84070167752,1.1075871137409594,2021-01-10,Brazil,,Plan 4
2,0,2,0,2,0,0,4,2,3,2,0,35149.62073711788,31996.608213494488,1.1075871137409594,2021-01-11,Brazil,,Plan 4
2,0,2,0,2,0,0,4,2,3,2,0,36469.114557251516,33001.135720392434,1.1075871137409594,2021-01-12,Brazil,,Plan 4
2,0,2,0,2,0,0,4,2,3,2,0,37876.907774512845,34117.18425787477,1.1075871137409594,2021-01-13,Brazil,,Plan 4
2,0,2,0,2,0,0,4,2,3,2,0,39370.74767227982,35334.562164939314,1.1075871137409594,2021-01-14,Brazil,,Plan 4
2,0,2,0,2,0,0,4,2,3,2,0,40949.30718963778,36646.88461527565,1.1075871137409594,2021-01-15,Brazil,,Plan 4
2,0,2,0,2,0,0,4,2,3,2,0,42612.01526638981,38049.93542610728,1.1075871137409594,2021-01-16,Brazil,,Plan 4
2,0,2,0,2,0,0,4,2,3,2,0,44358.92707580656,39540.94861042803,1.1075871137409594,2021-01-17,Brazil,,Plan 4
2,0,2,0,2,0,0,4,2,3,2,0,46190.62223137244,41118.23453817868,1.1075871137409594,2021-01-18,Brazil,,Plan 4
1,0,2,0,0,0,0,4,2,3,2,0,48476.629724594786,42833.59384779915,0.8389316239316235,2021-01-19,Brazil,,Plan 4
1,0,2,0,0,0,0,4,2,3,2,0,51266.488633145134,44746.391113318045,0.8389316239316235,2021-01-20,Brazil,,Plan 4
1,0,2,0,0,0,0,4,2,3,2,0,54489.8301732511,46906.26004202823,0.8389316239316235,2021-01-21,Brazil,,Plan 4
1,0,2,0,0,0,0,4,2,3,2,0,58128.549870538896,49360.43756787125,0.8389316239316235,2021-01-22,Brazil,,Plan 4
1,0,2,0,0,0,0,4,2,3,2,0,62184.73001151865,52156.539674318235,0.8389316239316235,2021-01-23,Brazil,,Plan 4
1,0,2,0,0,0,0,4,2,3,2,0,66669.88833439704,55343.81985411687,0.8389316239316235,2021-01-24,Brazil,,Plan 4
1,0,2,0,0,0,0,4,2,3,2,0,71601.21892928651,58973.905096676026,0.8389316239316235,2021-01-25,Brazil,,Plan 4
1,0,2,0,0,0,0,4,2,3,2,0,77000.17773254984,63048.697669241024,0.8389316239316235,2021-01-26,Brazil,,Plan 4
1,0,2,0,0,0,0,4,2,3,2,0,82891.87858097843,67566.6105189315,0.8389316239316235,2021-01-27,Brazil,,Plan 4
1,0,2,0,0,0,0,4,2,3,2,0,89304.8024546391,72540.17798770122,0.8389316239316235,2021-01-28,Brazil,,Plan 4
1,0,2,0,0,0,0,4,2,3,2,0,96270.64239543311,77989.04834840038,0.8389316239316235,2021-01-29,Brazil,,Plan 4
1,0,2,0,0,0,0,4,2,3,2,0,103824.21654171779,83937.54642414312,0.8389316239316235,2021-01-30,Brazil,,Plan 4
1,0,2,0,0,0,0,4,2,3,2,0,112003.418396996,90413.7650045144,0.8389316239316235,2021-01-31,Brazil,,Plan 4
1,0,2,0,0,0,0,4,2,3,2,0,120849.18753727256,97449.18909136952,0.8389316239316235,2021-02-01,Brazil,,Plan 4
1,0,2,0,0,0,0,4,2,3,2,0,130405.48968468016,105078.51937024533,0.8389316239316235,2021-02-02,Brazil,,Plan 4
1,0,2,0,0,0,0,4,2,3,2,0,140719.29615999106,113339.57902438994,0.8389316239316235,2021-02-03,Brazil,,Plan 4
1,0,2,0,0,0,0,4,2,3,2,0,151840.55531758725,122273.25800481113,0.8389316239316235,2021-02-04,Brazil,,Plan 4
1,0,2,0,0,0,0,4,2,3,2,0,163822.1478741255,131923.47307319575,0.8389316239316235,2021-02-05,Brazil,,Plan 4
1,0,2,0,0,0,0,4,2,3,2,0,176719.81835688962,142337.13047536314,0.8389316239316235,2021-02-06,Brazil,,Plan 4
3,3,2,4,2,3,2,4,2,3,2,4,31157.946739921656,19443.07480301979,4.326982248520709,2020-12-08,Brazil,,Plan 9
3,3,2,4,2,3,2,4,2,3,2,4,25267.71409152076,19443.07480301979,4.326982248520709,2020-12-09,Brazil,,Plan 9
3,3,2,4,2,3,2,4,2,3,2,4,21203.01182593032,19443.07480301979,4.326982248520709,2020-12-10,Brazil,,Plan 9
3,3,2,4,2,3,2,4,2,3,2,4,18074.791071901327,19443.07480301979,4.326982248520709,2020-12-11,Brazil,,Plan 9
3,3,2,4,2,3,2,4,2,3,2,4,15516.466474205554,19443.07480301979,4.326982248520709,2020-12-12,Brazil,,Plan 9
3,3,2,4,2,3,2,4,2,3,2,4,13361.126537958171,19443.07480301979,4.326982248520709,2020-12-13,Brazil,,Plan 9
3,3,2,4,2,3,2,4,2,3,2,4,11520.466879700756,19443.07480301979,4.326982248520709,2020-12-14,Brazil,,Plan 9
3,3,2,4,2,3,2,4,2,3,2,4,9939.06545666848,16411.806048269336,4.326982248520709,2020-12-15,Brazil,,Plan 9
3,3,2,4,2,3,2,4,2,3,2,4,8576.839892071694,14027.395448348045,4.326982248520709,2020-12-16,Brazil,,Plan 9
3,3,2,4,2,3,2,4,2,3,2,4,7402.082984051653,12055.834185222522,4.326982248520709,2020-12-17,Brazil,,Plan 9
3,3,2,4,2,3,2,4,2,3,2,4,6388.502719351487,10386.364420572543,4.326982248520709,2020-12-18,Brazil,,Plan 9
3,3,2,4,2,3,2,4,2,3,2,4,5513.8051478478055,8957.412802521436,4.326982248520709,2020-12-19,Brazil,,Plan 9
3,3,2,4,2,3,2,4,2,3,2,4,4758.895502954063,7728.522654663706,4.326982248520709,2020-12-20,Brazil,,Plan 9
3,3,2,4,2,3,2,4,2,3,2,4,4107.346830977996,6669.505504846168,4.326982248520709,2020-12-21,Brazil,,Plan 9
3,3,2,4,2,3,2,4,2,3,2,4,3545.0002456233947,5756.067617554014,4.326982248520709,2020-12-22,Brazil,,Plan 9
3,3,2,4,2,3,2,4,2,3,2,4,3059.641788213603,4967.896459860001,4.326982248520709,2020-12-23,Brazil,,Plan 9
3,3,2,4,2,3,2,4,2,3,2,4,2640.7316249397877,4287.7034085583055,4.326982248520709,2020-12-24,Brazil,,Plan 9
3,3,2,4,2,3,2,4,2,3,2,4,2279.173291260888,3700.6563474025056,4.326982248520709,2020-12-25,Brazil,,Plan 9
3,3,2,4,2,3,2,4,2,3,2,4,1967.115601419895,3193.9864121985192,4.326982248520709,2020-12-26,Brazil,,Plan 9
3,3,2,4,2,3,2,4,2,3,2,4,1697.7820517780624,2756.684490601947,4.326982248520709,2020-12-27,Brazil,,Plan 9
3,3,2,4,2,3,2,4,2,3,2,4,1465.323699977286,2379.2526147447024,4.326982248520709,2020-12-28,Brazil,,Plan 9
3,3,2,4,2,3,2,4,2,3,2,4,1264.6922163725326,2053.494324851722,4.326982248520709,2020-12-29,Brazil,,Plan 9
3,3,2,4,2,3,2,4,2,3,2,4,1091.530316427011,1772.3355431679229,4.326982248520709,2020-12-30,Brazil,,Plan 9
3,3,2,4,2,3,2,4,2,3,2,4,942.0771862878768,1529.6706233605073,4.326982248520709,2020-12-31,Brazil,,Plan 9
3,3,2,4,2,3,2,4,2,3,2,4,813.0868478980681,1320.2297028801045,4.326982248520709,2021-01-01,Brazil,,Plan 9
3,3,2,4,2,3,2,4,2,3,2,4,701.7576933073274,1139.464287435452,4.326982248520709,2021-01-02,Brazil,,Plan 9
3,3,2,4,2,3,2,4,2,3,2,4,605.6716606107185,983.4485172686883,4.326982248520709,2021-01-03,Brazil,,Plan 9
3,3,2,4,2,3,2,4,2,3,2,4,522.7417329246172,848.7939505468788,4.326982248520709,2021-01-04,Brazil,,Plan 9
3,3,2,4,2,3,2,4,2,3,2,4,451.16662205356033,732.5760085013112,4.326982248520709,2021-01-05,Brazil,,Plan 9
3,3,2,4,2,3,2,4,2,3,2,4,389.39165407994483,632.2704853088732,4.326982248520709,2021-01-06,Brazil,,Plan 9
3,3,2,4,2,3,2,4,2,3,2,4,336.07500843472627,545.698745615566,4.326982248520709,2021-01-07,Brazil,,Plan 9
3,3,2,4,2,3,2,4,2,3,2,4,290.05857799316124,470.9804213434365,4.326982248520709,2021-01-08,Brazil,,Plan 9
3,3,2,4,2,3,2,4,2,3,2,4,250.3428178882312,406.4925819978514,4.326982248520709,2021-01-09,Brazil,,Plan 9
3,3,2,4,2,3,2,4,2,3,2,4,216.06503720562327,350.83449293998063,4.326982248520709,2021-01-10,Brazil,,Plan 9
3,3,2,4,2,3,2,4,2,3,2,4,186.48066238205203,302.7971971481856,4.326982248520709,2021-01-11,Brazil,,Plan 9
3,3,2,4,2,3,2,4,2,3,2,4,160.94706558424588,261.3372605097121,4.326982248520709,2021-01-12,Brazil,,Plan 9
3,3,2,4,2,3,2,4,2,3,2,4,138.90960699161636,225.55411092566516,4.326982248520709,2021-01-13,Brazil,,Plan 9
3,3,2,4,2,3,2,4,2,3,2,4,119.8895879430888,194.67047942685986,4.326982248520709,2021-01-14,Brazil,,Plan 9
3,3,2,4,2,3,2,4,2,3,2,4,103.47385337719206,168.01551876743562,4.326982248520709,2021-01-15,Brazil,,Plan 9
3,3,2,4,2,3,2,4,2,3,2,4,89.30581779136469,145.01023303931186,4.326982248520709,2021-01-16,Brazil,,Plan 9
3,3,2,4,2,3,2,4,2,3,2,4,77.07771984658858,125.15490198802121,4.326982248520709,2021-01-17,Brazil,,Plan 9
3,3,2,4,2,3,2,4,2,3,2,4,66.52393741611341,108.01822699288712,4.326982248520709,2021-01-18,Brazil,,Plan 9
3,3,2,4,2,0,0,4,2,3,2,0,58.7479806395521,93.41835771507372,2.69749506903353,2021-01-19,Brazil,,Plan 9
3,3,2,4,2,0,0,4,2,3,2,0,52.59944009997896,81.08833387341123,2.69749506903353,2021-01-20,Brazil,,Plan 9
3,3,2,4,2,0,0,4,2,3,2,0,47.51593182098914,70.7492401416827,2.69749506903353,2021-01-21,Brazil,,Plan 9
3,3,2,4,2,0,0,4,2,3,2,0,43.19340927372323,62.137748126901435,2.69749506903353,2021-01-22,Brazil,,Plan 9
3,3,2,4,2,0,0,4,2,3,2,0,39.44829570889151,55.01524497226242,2.69749506903353,2021-01-23,Brazil,,Plan 9
3,3,2,4,2,0,0,4,2,3,2,0,36.15888631513565,49.16969732491201,2.69749506903353,2021-01-24,Brazil,,Plan 9
3,3,2,4,2,0,0,4,2,3,2,0,33.23898480513412,44.4147040947721,2.69749506903353,2021-01-25,Brazil,,Plan 9
3,3,2,4,2,0,0,4,2,3,2,0,30.62486982420825,40.397116835437274,2.69749506903353,2021-01-26,Brazil,,Plan 9
3,3,2,4,2,0,0,4,2,3,2,0,28.2680841157321,36.921208837687715,2.69749506903353,2021-01-27,Brazil,,Plan 9
3,3,2,4,2,0,0,4,2,3,2,0,26.13101258453125,33.86622037533659,2.69749506903353,2021-01-28,Brazil,,Plan 9
3,3,2,4,2,0,0,4,2,3,2,0,24.18395773635641,31.150584441427046,2.69749506903353,2021-01-29,Brazil,,Plan 9
3,3,2,4,2,0,0,4,2,3,2,0,22.40310950845089,28.715557841364102,2.69749506903353,2021-01-30,Brazil,,Plan 9
3,3,2,4,2,0,0,4,2,3,2,0,20.76909502607854,26.517016228641648,2.69749506903353,2021-01-31,Brazil,,Plan 9
3,3,2,4,2,0,0,4,2,3,2,0,19.265924285264198,24.52086472580309,2.69749506903353,2021-02-01,Brazil,,Plan 9
3,3,2,4,2,0,0,4,2,3,2,0,17.880214897972483,22.70019973634084,2.69749506903353,2021-02-02,Brazil,,Plan 9
3,3,2,4,2,0,0,4,2,3,2,0,16.600617207563715,21.033418749459642,2.69749506903353,2021-02-03,Brazil,,Plan 9
3,3,2,4,2,0,0,4,2,3,2,0,15.417384707743402,19.50290048134709,2.69749506903353,2021-02-04,Brazil,,Plan 9
3,3,2,4,2,0,0,4,2,3,2,0,14.322050858962836,18.09405664171944,2.69749506903353,2021-02-05,Brazil,,Plan 9
3,3,2,4,2,0,0,4,2,3,2,0,13.307184164954885,16.794638735505725,2.69749506903353,2021-02-06,Brazil,,Plan 9
3,2,2,4,1,2,2,1,2,2,2,4,35913.55524768771,32948.56030971689,4.104020381328073,2020-12-08,Brazil,,Implemented plan
3,2,2,4,0,2,2,1,2,2,2,4,34078.80211577578,32948.56030971689,4.104020381328073,2020-12-09,Brazil,,Implemented plan
3,2,2,4,0,2,2,1,2,2,2,4,33345.31708649048,32948.56030971689,4.104020381328073,2020-12-10,Brazil,,Implemented plan
3,3,2,4,0,2,2,1,2,2,2,4,32720.726088000367,32948.56030971689,4.104020381328073,2020-12-11,Brazil,,Implemented plan
3,3,2,4,0,2,2,1,2,2,2,4,32124.310002907037,32948.56030971689,4.104020381328073,2020-12-12,Brazil,,Implemented plan
3,3,2,4,0,2,2,1,2,2,2,4,31528.895834693463,32948.56030971689,4.104020381328073,2020-12-13,Brazil,,Implemented plan
3,3,2,4,0,2,2,1,2,2,2,4,30928.31579246337,32948.56030971689,4.104020381328073,2020-12-14,Brazil,,Implemented plan
3,3,2,4,1,2,2,1,2,2,2,4,30259.5480408092,32140.84499444853,4.104020381328073,2020-12-15,Brazil,,Implemented plan
3,3,2,4,0,2,2,1,2,2,2,4,29618.58523791025,31503.67115475345,4.104020381328073,2020-12-16,Brazil,,Implemented plan
3,3,2,4,0,2,2,1,2,2,2,4,28992.28290084688,30881.80912823294,4.104020381328073,2020-12-17,Brazil,,Implemented plan
3,3,2,4,0,2,2,1,2,2,2,4,28376.865898737407,30261.257672623946,4.104020381328073,2020-12-18,Brazil,,Implemented plan
3,3,2,4,0,2,2,1,2,2,2,4,27771.50983737146,29639.42907754744,4.104020381328073,2020-12-19,Brazil,,Implemented plan
3,3,2,4,0,2,2,1,2,2,2,4,27176.24160873431,29017.621330981838,4.104020381328073,2020-12-20,Brazil,,Implemented plan
3,3,2,4,0,2,2,1,2,2,2,4,26591.271060410734,28398.043512117183,4.104020381328073,2020-12-21,Brazil,,Implemented plan
3,3,2,4,0,2,2,1,2,2,2,4,26016.79203148322,27791.935510784893,4.104020381328073,2020-12-22,Brazil,,Implemented plan
3,3,2,4,0,2,2,1,2,1,2,4,25555.92193591074,27211.555039070685,4.087172912557527,2020-12-23,Brazil,,Implemented plan
3,3,2,4,0,2,2,1,2,1,2,4,25161.43529265186,26664.291095042816,4.087172912557527,2020-12-24,Brazil,,Implemented plan
3,3,2,4,0,2,2,1,2,1,2,4,24811.4705060348,26154.948896085298,4.087172912557527,2020-12-25,Brazil,,Implemented plan
3,3,2,4,0,2,2,1,2,1,2,4,24494.05582151816,25686.741179534834,4.087172912557527,2020-12-26,Brazil,,Implemented plan
3,3,2,4,0,2,2,1,2,1,2,4,24201.566059892193,25261.787529700243,4.087172912557527,2020-12-27,Brazil,,Implemented plan
3,3,2,4,0,2,2,1,2,1,2,4,23928.62261401961,24881.4091802158,4.087172912557527,2020-12-28,Brazil,,Implemented plan
3,3,2,4,0,2,2,1,2,1,2,4,23671.21086351792,24546.326156220755,4.087172912557527,2020-12-29,Brazil,,Implemented plan
3,3,2,4,0,2,2,1,2,1,2,4,23426.248623487318,24242.087111588837,4.087172912557527,2020-12-30,Brazil,,Implemented plan
3,3,2,4,0,2,2,1,2,1,2,4,23191.33710047211,23960.64451270601,4.087172912557527,2020-12-31,Brazil,,Implemented plan
3,3,2,4,0,2,2,1,2,1,2,4,22964.59680709305,23696.805412857204,4.087172912557527,2021-01-01,Brazil,,Implemented plan
3,3,2,4,0,2,2,1,2,1,2,4,22744.55001952674,23446.876012572706,4.087172912557527,2021-01-02,Brazil,,Implemented plan
3,3,2,4,0,2,2,1,2,1,2,4,22530.032618268808,23208.08552091222,4.087172912557527,2021-01-03,Brazil,,Implemented plan
3,3,2,4,0,2,2,1,2,1,2,4,22320.126483992357,22978.30035947976,4.087172912557527,2021-01-04,Brazil,,Implemented plan
3,3,2,4,0,2,2,1,2,1,2,4,22114.107061455048,22755.856959185065,4.087172912557527,2021-01-05,Brazil,,Implemented plan
3,3,2,4,0,2,2,1,2,1,2,4,21911.402296620363,22539.450341061216,4.087172912557527,2021-01-06,Brazil,,Implemented plan
3,3,2,3,0,2,2,1,2,1,2,4,21767.22624668549,22336.005933377408,4.087172912557527,2021-01-07,Brazil,,Implemented plan
3,3,2,3,0,2,2,1,2,1,2,4,21657.841796272103,22149.32664611728,4.087172912557527,2021-01-08,Brazil,,Implemented plan
3,3,2,3,0,2,2,1,2,1,2,4,21572.12058714189,21981.836727205147,4.087172912557527,2021-01-09,Brazil,,Implemented plan
3,3,2,3,0,2,2,1,2,1,2,4,21503.8100052189,21835.233496769448,4.087172912557527,2021-01-10,Brazil,,Implemented plan
3,3,2,3,0,2,2,1,2,1,2,4,21448.808674413285,21710.75952397244,4.087172912557527,2021-01-11,Brazil,,Implemented plan
3,3,2,3,0,2,2,1,2,1,2,4,21404.147360142662,21609.336709499243,4.087172912557527,2021-01-12,Brazil,,Implemented plan
3,3,2,4,0,2,2,1,2,1,2,4,21313.52007795888,21523.924963976173,4.087172912557527,2021-01-13,Brazil,,Implemented plan
3,3,2,4,2,2,2,1,2,1,2,4,21124.74793918385,21432.1423486188,4.087172912557527,2021-01-14,Brazil,,Implemented plan
3,3,2,4,2,2,2,1,2,1,2,4,20876.92149742489,21320.582305926342,4.087172912557527,2021-01-15,Brazil,,Implemented plan
3,3,2,4,2,2,2,1,2,1,2,4,20589.537440823333,21180.213285023692,4.087172912557527,2021-01-16,Brazil,,Implemented plan
3,3,2,4,2,2,2,1,2,1,2,4,20274.369193830607,21004.578883396785,4.087172912557527,2021-01-17,Brazil,,Implemented plan
3,3,2,4,2,2,2,1,2,1,2,4,19939.55943077556,20788.971848591398,4.087172912557527,2021-01-18,Brazil,,Implemented plan
3,3,2,4,2,2,2,1,2,1,2,4,19591.16331619174,20529.97412802698,4.087172912557527,2021-01-19,Brazil,,Implemented plan
3,3,2,4,2,2,2,1,2,1,2,4,19233.82903688809,20232.87540787401,4.087172912557527,2021-01-20,Brazil,,Implemented plan
3,3,2,4,2,2,2,1,2,1,2,4,18871.165148679444,19910.935009230532,4.087172912557527,2021-01-21,Brazil,,Implemented plan
3,3,2,4,2,2,2,1,2,1,2,4,18505.979484603777,19572.22900739894,4.087172912557527,2021-01-22,Brazil,,Implemented plan
3,3,2,4,2,2,2,1,2,1,2,4,18140.452310535937,19222.35970307217,4.087172912557527,2021-01-23,Brazil,,Implemented plan
3,3,2,4,2,2,2,1,2,1,2,4,17776.26957945098,18865.48832958936,4.087172912557527,2021-01-24,Brazil,,Implemented plan
3,3,2,4,2,2,2,1,2,1,2,4,17414.727539700903,18504.79805943584,4.087172912557527,2021-01-25,Brazil,,Implemented plan
3,3,2,3,2,2,2,1,2,1,2,4,17101.26981834207,18149.09898831445,4.087172912557527,2021-01-26,Brazil,,Implemented plan
3,3,2,3,2,2,2,1,2,1,2,4,16816.760588159676,17803.803495638967,4.087172912557527,2021-01-27,Brazil,,Implemented plan
3,3,2,3,2,2,2,1,2,1,2,4,16552.34418105629,17472.54335740709,4.087172912557527,2021-01-28,Brazil,,Implemented plan
3,3,2,3,2,2,2,1,2,1,2,4,16303.143272813708,17157.852470008507,4.087172912557527,2021-01-29,Brazil,,Implemented plan
3,3,2,3,2,2,2,1,2,1,2,4,16066.023638878929,16861.50551691465,4.087172912557527,2021-01-30,Brazil,,Implemented plan
3,3,2,3,2,2,2,1,2,1,2,4,15838.754501538508,16584.717648641443,4.087172912557527,2021-01-31,Brazil,,Implemented plan
3,3,2,3,2,2,2,1,2,1,0,4,15855.123568775938,16361.917081366442,4.0428435239973695,2021-02-01,Brazil,,Implemented plan
3,3,2,3,2,2,2,1,2,1,0,4,16035.164621182434,16209.616338915066,4.0428435239973695,2021-02-02,Brazil,,Implemented plan
3,3,2,3,2,2,2,1,2,1,0,4,16328.407576155445,16139.851622914462,4.0428435239973695,2021-02-03,Brazil,,Implemented plan
3,3,2,3,2,2,2,1,2,1,0,4,16710.484324460576,16162.443071972219,4.0428435239973695,2021-02-04,Brazil,,Implemented plan
3,3,2,3,2,2,2,1,2,1,0,4,17167.61677493651,16285.939286561192,4.0428435239973695,2021-02-05,Brazil,,Implemented plan
3,3,2,3,2,2,2,1,2,1,0,4,17690.934390983068,16518.06939400464,4.0428435239973695,2021-02-06,Brazil,,Implemented plan
3,2,2,4,1,2,2,1,2,2,2,4,51088.0,41173.142857142855,4.104020381328073,2020-12-08,Brazil,,Implemented plan real
3,2,2,4,0,2,2,1,2,2,2,4,53453.0,41686.0,4.104020381328073,2020-12-09,Brazil,,Implemented plan real
3,2,2,4,0,2,2,1,2,2,2,4,53347.0,42102.142857142855,4.104020381328073,2020-12-10,Brazil,,Implemented plan real
3,3,2,4,0,2,2,1,2,2,2,4,54428.0,43179.857142857145,4.104020381328073,2020-12-11,Brazil,,Implemented plan real
3,3,2,4,0,2,2,1,2,2,2,4,43900.0,43278.57142857143,4.104020381328073,2020-12-12,Brazil,,Implemented plan real
3,3,2,4,0,2,2,1,2,2,2,4,21825.0,42630.28571428572,4.104020381328073,2020-12-13,Brazil,,Implemented plan real
3,3,2,4,0,2,2,1,2,2,2,4,25193.0,43319.142857142855,4.104020381328073,2020-12-14,Brazil,,Implemented plan real
3,3,2,4,1,2,2,1,2,2,2,4,42889.0,42147.857142857145,4.104020381328073,2020-12-15,Brazil,,Implemented plan real
3,3,2,4,0,2,2,1,2,2,2,4,70574.0,44593.71428571428,4.104020381328073,2020-12-16,Brazil,,Implemented plan real
3,3,2,4,0,2,2,1,2,2,2,4,69826.0,46947.857142857145,4.104020381328073,2020-12-17,Brazil,,Implemented plan real
3,3,2,4,0,2,2,1,2,2,2,4,52544.0,46678.71428571428,4.104020381328073,2020-12-18,Brazil,,Implemented plan real
3,3,2,4,0,2,2,1,2,2,2,4,50177.0,47575.42857142857,4.104020381328073,2020-12-19,Brazil,,Implemented plan real
3,3,2,4,0,2,2,1,2,2,2,4,25445.0,48092.57142857143,4.104020381328073,2020-12-20,Brazil,,Implemented plan real
3,3,2,4,0,2,2,1,2,2,2,4,25019.0,48067.71428571428,4.104020381328073,2020-12-21,Brazil,,Implemented plan real
3,3,2,4,0,2,2,1,2,2,2,4,55202.0,49826.71428571428,4.104020381328073,2020-12-22,Brazil,,Implemented plan real
3,3,2,4,0,2,2,1,2,1,2,4,46696.0,46415.57142857143,4.087172912557527,2020-12-23,Brazil,,Implemented plan real
3,3,2,4,0,2,2,1,2,1,2,4,58428.0,44787.28571428572,4.087172912557527,2020-12-24,Brazil,,Implemented plan real
3,3,2,4,0,2,2,1,2,1,2,4,24615.0,40797.42857142857,4.087172912557527,2020-12-25,Brazil,,Implemented plan real
3,3,2,4,0,2,2,1,2,1,2,4,17246.0,36093.0,4.087172912557527,2020-12-26,Brazil,,Implemented plan real
3,3,2,4,0,2,2,1,2,1,2,4,18479.0,35097.857142857145,4.087172912557527,2020-12-27,Brazil,,Implemented plan real
3,3,2,4,0,2,2,1,2,1,2,4,20548.0,34459.142857142855,4.087172912557527,2020-12-28,Brazil,,Implemented plan real
3,3,2,4,0,2,2,1,2,1,2,4,58718.0,34961.42857142857,4.087172912557527,2020-12-29,Brazil,,Implemented plan real
3,3,2,4,0,2,2,1,2,1,2,4,55649.0,36240.42857142857,4.087172912557527,2020-12-30,Brazil,,Implemented plan real
3,3,2,4,0,2,2,1,2,1,2,4,56773.0,36004.0,4.087172912557527,2020-12-31,Brazil,,Implemented plan real
3,3,2,4,0,2,2,1,2,1,2,4,24605.0,36002.57142857143,4.087172912557527,2021-01-01,Brazil,,Implemented plan real
3,3,2,4,0,2,2,1,2,1,2,4,15827.0,35799.857142857145,4.087172912557527,2021-01-02,Brazil,,Implemented plan real
3,3,2,4,0,2,2,1,2,1,2,4,17341.0,35637.28571428572,4.087172912557527,2021-01-03,Brazil,,Implemented plan real
3,3,2,4,0,2,2,1,2,1,2,4,20006.0,35559.857142857145,4.087172912557527,2021-01-04,Brazil,,Implemented plan real
3,3,2,4,0,2,2,1,2,1,2,4,56648.0,35264.142857142855,4.087172912557527,2021-01-05,Brazil,,Implemented plan real
3,3,2,4,0,2,2,1,2,1,2,4,63430.0,36375.71428571428,4.087172912557527,2021-01-06,Brazil,,Implemented plan real
3,3,2,3,0,2,2,1,2,1,2,4,87843.0,40814.28571428572,4.087172912557527,2021-01-07,Brazil,,Implemented plan real
3,3,2,3,0,2,2,1,2,1,2,4,52035.0,44732.857142857145,4.087172912557527,2021-01-08,Brazil,,Implemented plan real
3,3,2,3,0,2,2,1,2,1,2,4,62290.0,51370.42857142857,4.087172912557527,2021-01-09,Brazil,,Implemented plan real
3,3,2,3,0,2,2,1,2,1,2,4,29792.0,53149.142857142855,4.087172912557527,2021-01-10,Brazil,,Implemented plan real
3,3,2,3,0,2,2,1,2,1,2,4,25822.0,53980.0,4.087172912557527,2021-01-11,Brazil,,Implemented plan real
3,3,2,3,0,2,2,1,2,1,2,4,64025.0,55033.857142857145,4.087172912557527,2021-01-12,Brazil,,Implemented plan real
3,3,2,4,0,2,2,1,2,1,2,4,60899.0,54672.28571428572,4.087172912557527,2021-01-13,Brazil,,Implemented plan real
3,3,2,4,2,2,2,1,2,1,2,4,67758.0,51803.0,4.087172912557527,2021-01-14,Brazil,,Implemented plan real
3,3,2,4,2,2,2,1,2,1,2,4,69198.0,54254.857142857145,4.087172912557527,2021-01-15,Brazil,,Implemented plan real
3,3,2,4,2,2,2,1,2,1,2,4,61567.0,54151.57142857143,4.087172912557527,2021-01-16,Brazil,,Implemented plan real
3,3,2,4,2,2,2,1,2,1,2,4,33040.0,54615.57142857143,4.087172912557527,2021-01-17,Brazil,,Implemented plan real
3,3,2,4,2,2,2,1,2,1,2,4,23671.0,54308.28571428572,4.087172912557527,2021-01-18,Brazil,,Implemented plan real
3,3,2,4,2,2,2,1,2,1,2,4,62094.0,54032.42857142857,4.087172912557527,2021-01-19,Brazil,,Implemented plan real
3,3,2,4,2,2,2,1,2,1,2,4,64385.0,54530.42857142857,4.087172912557527,2021-01-20,Brazil,,Implemented plan real
3,3,2,4,2,2,2,1,2,1,2,4,59119.0,53296.28571428572,4.087172912557527,2021-01-21,Brazil,,Implemented plan real
3,3,2,4,2,2,2,1,2,1,2,4,56552.0,51489.71428571428,4.087172912557527,2021-01-22,Brazil,,Implemented plan real
3,3,2,4,2,2,2,1,2,1,2,4,62334.0,51599.28571428572,4.087172912557527,2021-01-23,Brazil,,Implemented plan real
3,3,2,4,2,2,2,1,2,1,2,4,28323.0,50925.42857142857,4.087172912557527,2021-01-24,Brazil,,Implemented plan real
3,3,2,4,2,2,2,1,2,1,2,4,26816.0,51374.71428571428,4.087172912557527,2021-01-25,Brazil,,Implemented plan real
3,3,2,3,2,2,2,1,2,1,2,4,61963.0,51356.0,4.087172912557527,2021-01-26,Brazil,,Implemented plan real
3,3,2,3,2,2,2,1,2,1,2,4,63520.0,51232.42857142857,4.087172912557527,2021-01-27,Brazil,,Implemented plan real
3,3,2,3,2,2,2,1,2,1,2,4,61811.0,51617.0,4.087172912557527,2021-01-28,Brazil,,Implemented plan real
3,3,2,3,2,2,2,1,2,1,2,4,59826.0,52084.71428571428,4.087172912557527,2021-01-29,Brazil,,Implemented plan real
3,3,2,3,2,2,2,1,2,1,2,4,58462.0,51531.57142857143,4.087172912557527,2021-01-30,Brazil,,Implemented plan real
3,3,2,3,2,2,2,1,2,1,2,4,27756.0,51450.57142857143,4.087172912557527,2021-01-31,Brazil,,Implemented plan real
3,3,2,3,2,2,2,1,2,1,0,4,24591.0,51132.71428571428,4.0428435239973695,2021-02-01,Brazil,,Implemented plan real
3,3,2,3,2,2,2,1,2,1,0,4,54096.0,50008.857142857145,4.0428435239973695,2021-02-02,Brazil,,Implemented plan real
3,3,2,3,2,2,2,1,2,1,0,4,56002.0,48934.857142857145,4.0428435239973695,2021-02-03,Brazil,,Implemented plan real
3,3,2,3,2,2,2,1,2,1,0,4,56873.0,48229.42857142857,4.0428435239973695,2021-02-04,Brazil,,Implemented plan real
3,3,2,3,2,2,2,1,2,1,0,4,50872.0,46950.28571428572,4.0428435239973695,2021-02-05,Brazil,,Implemented plan real
3,3,2,3,2,2,2,1,2,1,0,4,0.0,38598.57142857143,4.0428435239973695,2021-02-06,Brazil,,Implemented plan real
