,C1_School closing,C2_Workplace closing,C3_Cancel public events,C4_Restrictions on gatherings,C5_Close public transport,C6_Stay at home requirements,C7_Restrictions on internal movement,C8_International travel controls,H1_Public information campaigns,H2_Testing policy,H3_Contact tracing,H6_Facial Coverings,Infections,InfectionsRolling,Stringency,Date,CountryName,RegionName,PrescriptionIndex
0,3,0,2,2,1,0,0,4,2,3,2,0,3327.0344798535534,2981.685065874724,29.0,2021-03-05,Sweden,,Plan 1
1,3,0,2,2,1,0,0,4,2,3,2,0,3082.8649013419626,2981.685065874724,29.0,2021-03-06,Sweden,,Plan 1
2,3,0,2,2,1,0,0,4,2,3,2,0,2977.074295929827,2981.685065874724,29.0,2021-03-07,Sweden,,Plan 1
3,3,0,2,2,1,0,0,4,2,3,2,0,2921.524834626741,2981.685065874724,29.0,2021-03-08,Sweden,,Plan 1
4,3,0,2,2,1,0,0,4,2,3,2,0,2884.2383285362994,2981.685065874724,29.0,2021-03-09,Sweden,,Plan 1
5,3,0,2,2,1,0,0,4,2,3,2,0,2853.6139275613623,2981.685065874724,29.0,2021-03-10,Sweden,,Plan 1
6,3,0,2,2,1,0,0,4,2,3,2,0,2825.4446932733213,2981.685065874724,29.0,2021-03-11,Sweden,,Plan 1
7,3,1,2,2,2,0,1,4,2,3,2,0,2769.016480098632,2901.968208766878,35.67,2021-03-12,Sweden,,Plan 1
8,3,1,2,2,2,0,1,4,2,3,2,0,2699.064147434405,2847.139529637227,35.67,2021-03-13,Sweden,,Plan 1
9,3,1,2,2,2,0,1,4,2,3,2,0,2622.1355392958844,2796.4339929752355,35.67,2021-03-14,Sweden,,Plan 1
10,3,1,2,2,2,0,1,4,2,3,2,0,2541.5721576812175,2742.1550391258747,35.67,2021-03-15,Sweden,,Plan 1
11,3,1,2,2,2,0,1,4,2,3,2,0,2459.3239076253935,2681.452978995745,35.67,2021-03-16,Sweden,,Plan 1
12,3,1,2,2,2,0,1,4,2,3,2,0,2376.6505091558092,2613.3153477949522,35.67,2021-03-17,Sweden,,Plan 1
13,3,1,2,2,2,0,1,4,2,3,2,0,2294.417269796451,2537.454287298256,35.67,2021-03-18,Sweden,,Plan 1
14,2,0,1,0,2,0,0,4,2,3,2,0,2278.4647015673368,2467.3754617937852,16.5,2021-03-19,Sweden,,Plan 1
15,2,0,1,0,2,0,0,4,2,3,2,0,2305.8250418135435,2411.1984467050906,16.5,2021-03-20,Sweden,,Plan 1
16,2,0,1,0,2,0,0,4,2,3,2,0,2359.6181533149643,2373.695962993531,16.5,2021-03-21,Sweden,,Plan 1
17,2,0,1,0,2,0,0,4,2,3,2,0,2432.7979498015516,2358.156790439293,16.5,2021-03-22,Sweden,,Plan 1
18,2,0,1,0,2,0,0,4,2,3,2,0,2522.1302353697674,2367.1291229742033,16.5,2021-03-23,Sweden,,Plan 1
19,2,0,1,0,2,0,0,4,2,3,2,0,2625.935978511771,2402.7413328821976,16.5,2021-03-24,Sweden,,Plan 1
20,2,0,1,0,2,0,0,4,2,3,2,0,2743.2466929890115,2466.8598219097066,16.5,2021-03-25,Sweden,,Plan 1
21,1,0,2,2,1,0,0,4,2,3,2,0,2864.798248685666,2550.621757212325,19.0,2021-03-26,Sweden,,Plan 1
22,1,0,2,2,1,0,0,4,2,3,2,0,2989.3588126220498,2648.269438756397,19.0,2021-03-27,Sweden,,Plan 1
23,1,0,2,2,1,0,0,4,2,3,2,0,3118.801788043199,2756.7242437175737,19.0,2021-03-28,Sweden,,Plan 1
24,1,0,2,2,1,0,0,4,2,3,2,0,3253.865911728712,2874.019666850025,19.0,2021-03-29,Sweden,,Plan 1
25,1,0,2,2,1,0,0,4,2,3,2,0,3394.9014774771185,2998.7012728653613,19.0,2021-03-30,Sweden,,Plan 1
26,1,0,2,2,1,0,0,4,2,3,2,0,3542.132131918337,3129.586437637728,19.0,2021-03-31,Sweden,,Plan 1
27,1,0,2,2,1,0,0,4,2,3,2,0,3695.745834300789,3265.65774353941,19.0,2021-04-01,Sweden,,Plan 1
28,1,0,2,2,1,0,0,4,2,3,2,0,3855.9257285077524,3407.247383513994,19.0,2021-04-02,Sweden,,Plan 1
29,1,0,2,2,1,0,0,4,2,3,2,0,4022.860013674243,3554.8904122357358,19.0,2021-04-03,Sweden,,Plan 1
30,1,0,2,2,1,0,0,4,2,3,2,0,4196.744534771713,3708.8822331969523,19.0,2021-04-04,Sweden,,Plan 1
31,1,0,2,2,1,0,0,4,2,3,2,0,4377.782901523001,3869.4418031675646,19.0,2021-04-05,Sweden,,Plan 1
32,1,0,2,2,1,0,0,4,2,3,2,0,4566.185799247177,4036.7681348490014,19.0,2021-04-06,Sweden,,Plan 1
33,1,0,2,2,1,0,0,4,2,3,2,0,4762.170066319709,4211.059268334911,19.0,2021-04-07,Sweden,,Plan 1
34,1,0,2,2,1,0,0,4,2,3,2,0,4965.9577063269935,4392.518107195799,19.0,2021-04-08,Sweden,,Plan 1
35,2,0,1,0,2,0,0,4,2,3,2,0,5193.195716821192,4583.556676954861,16.5,2021-04-09,Sweden,,Plan 1
36,2,0,1,0,2,0,0,4,2,3,2,0,5445.817805053075,4786.836361437551,16.5,2021-04-10,Sweden,,Plan 1
37,2,0,1,0,2,0,0,4,2,3,2,0,5720.404404789754,5004.502057154415,16.5,2021-04-11,Sweden,,Plan 1
38,2,0,1,0,2,0,0,4,2,3,2,0,6015.768581903082,5238.500011494426,16.5,2021-04-12,Sweden,,Plan 1
39,2,0,1,0,2,0,0,4,2,3,2,0,6331.597925757312,5490.7017438530165,16.5,2021-04-13,Sweden,,Plan 1
40,2,0,1,0,2,0,0,4,2,3,2,0,6667.961459754929,5762.957657200905,16.5,2021-04-14,Sweden,,Plan 1
41,2,0,1,0,2,0,0,4,2,3,2,0,7025.12390847924,6057.124257508369,16.5,2021-04-15,Sweden,,Plan 1
42,1,0,1,1,2,0,0,4,2,3,2,0,7429.898372709328,6376.653208349531,14.0,2021-04-16,Sweden,,Plan 1
43,1,0,1,1,2,0,0,4,2,3,2,0,7887.088195759741,6725.406121307627,14.0,2021-04-17,Sweden,,Plan 1
44,1,0,1,1,2,0,0,4,2,3,2,0,8391.763226160347,7107.028810074854,14.0,2021-04-18,Sweden,,Plan 1
45,1,0,1,1,2,0,0,4,2,3,2,0,8942.893537281021,7525.189517985988,14.0,2021-04-19,Sweden,,Plan 1
46,1,0,1,1,2,0,0,4,2,3,2,0,9540.991339800428,7983.67429142072,14.0,2021-04-20,Sweden,,Plan 1
47,1,0,1,1,2,0,0,4,2,3,2,0,10187.256737432044,8486.430759660307,14.0,2021-04-21,Sweden,,Plan 1
48,1,0,1,1,2,0,0,4,2,3,2,0,10883.254647826072,9037.592293852711,14.0,2021-04-22,Sweden,,Plan 1
49,2,0,2,2,2,0,0,4,2,3,2,0,11494.74266969495,9618.28433627923,25.0,2021-04-23,Sweden,,Plan 1
50,2,0,2,2,2,0,0,4,2,3,2,0,11991.171054145945,10204.581887477258,25.0,2021-04-24,Sweden,,Plan 1
51,2,0,2,2,2,0,0,4,2,3,2,0,12405.675972088075,10777.997994038362,25.0,2021-04-25,Sweden,,Plan 1
52,2,0,2,2,2,0,0,4,2,3,2,0,12755.634228424111,11322.675235630231,25.0,2021-04-26,Sweden,,Plan 1
53,2,0,2,2,2,0,0,4,2,3,2,0,13052.408310301931,11824.306231416162,25.0,2021-04-27,Sweden,,Plan 1
54,2,0,2,2,2,0,0,4,2,3,2,0,13304.602935272782,12269.641402536265,25.0,2021-04-28,Sweden,,Plan 1
55,2,0,2,2,2,0,0,4,2,3,2,0,13519.188571671164,12646.203391656994,25.0,2021-04-29,Sweden,,Plan 1
56,2,0,2,2,2,0,0,4,2,3,2,0,13701.93752956134,12961.51694306648,25.0,2021-04-30,Sweden,,Plan 1
57,2,0,2,2,2,0,0,4,2,3,2,0,13857.64367173785,13228.15588843675,25.0,2021-05-01,Sweden,,Plan 1
58,2,0,2,2,2,0,0,4,2,3,2,0,13990.273092452911,13454.526905631728,25.0,2021-05-02,Sweden,,Plan 1
59,2,0,2,2,2,0,0,4,2,3,2,0,14103.090311022737,13647.020631717245,25.0,2021-05-03,Sweden,,Plan 1
60,2,0,2,2,2,0,0,4,2,3,2,0,14198.768861558236,13810.786424753858,25.0,2021-05-04,Sweden,,Plan 1
61,3,3,2,4,2,3,2,4,2,3,2,4,2882.0832330056883,1714.7612885409173,78.00999999999999,2021-03-05,Sweden,,Plan 2
62,3,3,2,4,2,3,2,4,2,3,2,4,2264.809502307674,1714.7612885409173,78.00999999999999,2021-03-06,Sweden,,Plan 2
63,3,3,2,4,2,3,2,4,2,3,2,4,1859.0936032542622,1714.7612885409173,78.00999999999999,2021-03-07,Sweden,,Plan 2
64,3,3,2,4,2,3,2,4,2,3,2,4,1561.8439053261975,1714.7612885409173,78.00999999999999,2021-03-08,Sweden,,Plan 2
65,3,3,2,4,2,3,2,4,2,3,2,4,1327.5683999086561,1714.7612885409173,78.00999999999999,2021-03-09,Sweden,,Plan 2
66,3,3,2,4,2,3,2,4,2,3,2,4,1134.946303006202,1714.7612885409173,78.00999999999999,2021-03-10,Sweden,,Plan 2
67,3,3,2,4,2,3,2,4,2,3,2,4,972.98407297774,1714.7612885409173,78.00999999999999,2021-03-11,Sweden,,Plan 2
68,3,3,2,4,2,3,2,4,2,3,2,4,835.2556582684766,1422.357349292744,78.00999999999999,2021-03-12,Sweden,,Plan 2
69,3,3,2,4,2,3,2,4,2,3,2,4,717.4841160648649,1201.3108655437713,78.00999999999999,2021-03-13,Sweden,,Plan 2
70,3,3,2,4,2,3,2,4,2,3,2,4,616.5069604058426,1023.7984879939971,78.00999999999999,2021-03-14,Sweden,,Plan 2
71,3,3,2,4,2,3,2,4,2,3,2,4,529.8175272120018,876.3661482633978,78.00999999999999,2021-03-15,Sweden,,Plan 2
72,3,3,2,4,2,3,2,4,2,3,2,4,455.34832924652187,751.7632810259499,78.00999999999999,2021-03-16,Sweden,,Plan 2
73,3,3,2,4,2,3,2,4,2,3,2,4,391.358066124554,645.5363900428574,78.00999999999999,2021-03-17,Sweden,,Plan 2
74,3,3,2,4,2,3,2,4,2,3,2,4,336.3646892909636,554.5907638018894,78.00999999999999,2021-03-18,Sweden,,Plan 2
75,3,3,2,4,2,3,2,4,2,3,2,4,289.1003074709389,476.5685708308125,78.00999999999999,2021-03-19,Sweden,,Plan 2
76,3,3,2,4,2,3,2,4,2,3,2,4,248.47754800310284,409.5676325362751,78.00999999999999,2021-03-20,Sweden,,Plan 2
77,3,3,2,4,2,3,2,4,2,3,2,4,213.56274905055375,352.00417377123387,78.00999999999999,2021-03-21,Sweden,,Plan 2
78,3,3,2,4,2,3,2,4,2,3,2,4,183.55378117179575,302.5379243369187,78.00999999999999,2021-03-22,Sweden,,Plan 2
79,3,3,2,4,2,3,2,4,2,3,2,4,157.76133700285737,260.02549687353803,78.00999999999999,2021-03-23,Sweden,,Plan 2
80,3,3,2,4,2,3,2,4,2,3,2,4,135.59299211236015,223.48762915751036,78.00999999999999,2021-03-24,Sweden,,Plan 2
81,3,3,2,4,2,3,2,4,2,3,2,4,116.53956196115163,192.08403953896575,78.00999999999999,2021-03-25,Sweden,,Plan 2
82,3,3,2,4,2,3,2,4,2,3,2,4,100.16339757209295,165.0930524105592,78.00999999999999,2021-03-26,Sweden,,Plan 2
83,3,3,2,4,2,3,2,4,2,3,2,4,86.0883335858313,141.89459320809183,78.00999999999999,2021-03-27,Sweden,,Plan 2
84,3,3,2,4,2,3,2,4,2,3,2,4,73.9910510961045,121.95577921459908,78.00999999999999,2021-03-28,Sweden,,Plan 2
85,3,3,2,4,2,3,2,4,2,3,2,4,63.593654465355314,104.81861825653617,78.00999999999999,2021-03-29,Sweden,,Plan 2
86,3,3,2,4,2,3,2,4,2,3,2,4,54.65729088334078,90.08946881089095,78.00999999999999,2021-03-30,Sweden,,Plan 2
87,3,3,2,4,2,3,2,4,2,3,2,4,46.976666003306825,77.42999365245475,78.00999999999999,2021-03-31,Sweden,,Plan 2
88,3,3,2,4,2,3,2,4,2,3,2,4,40.37532977603391,66.5493890545808,78.00999999999999,2021-04-01,Sweden,,Plan 2
89,3,3,2,4,2,3,2,4,2,3,2,4,34.701624338340785,57.19770716404478,78.00999999999999,2021-04-02,Sweden,,Plan 2
90,3,3,2,4,2,3,2,4,2,3,2,4,29.82520101015898,49.160116796091586,78.00999999999999,2021-04-03,Sweden,,Plan 2
91,3,3,2,4,2,3,2,4,2,3,2,4,25.63402650195998,42.25197042549951,78.00999999999999,2021-04-04,Sweden,,Plan 2
92,3,3,2,4,2,3,2,4,2,3,2,4,22.031809646216395,36.314564022765374,78.00999999999999,2021-04-05,Sweden,,Plan 2
93,3,3,2,4,2,3,2,4,2,3,2,4,18.935789604667146,31.21149241152629,78.00999999999999,2021-04-06,Sweden,,Plan 2
94,3,3,2,4,2,3,2,4,2,3,2,4,16.27483478955185,26.825516523847007,78.00999999999999,2021-04-07,Sweden,,Plan 2
95,3,3,2,4,2,3,2,4,2,3,2,4,13.987808861493997,23.055870678912733,78.00999999999999,2021-04-08,Sweden,,Plan 2
96,3,3,2,4,2,3,2,4,2,3,2,4,12.022166292191365,19.815948100891386,78.00999999999999,2021-04-09,Sweden,,Plan 2
97,3,3,2,4,2,3,2,4,2,3,2,4,10.332745246445457,17.03131156321803,78.00999999999999,2021-04-10,Sweden,,Plan 2
98,3,3,2,4,2,3,2,4,2,3,2,4,8.88073006565262,14.637983500888405,78.00999999999999,2021-04-11,Sweden,,Plan 2
99,3,3,2,4,2,3,2,4,2,3,2,4,7.632759527192738,12.580976341027881,78.00999999999999,2021-04-12,Sweden,,Plan 2
100,3,3,2,4,2,3,2,4,2,3,2,4,6.560160400212505,10.813029311820074,78.00999999999999,2021-04-13,Sweden,,Plan 2
101,3,3,2,4,2,3,2,4,2,3,2,4,5.638288694685355,9.293522726839146,78.00999999999999,2021-04-14,Sweden,,Plan 2
102,3,3,2,4,2,3,2,4,2,3,2,4,4.845963473206527,7.987544814226652,78.00999999999999,2021-04-15,Sweden,,Plan 2
103,3,3,2,4,2,3,2,4,2,3,2,4,4.1649802203869655,6.865089661111738,78.00999999999999,2021-04-16,Sweden,,Plan 2
104,3,3,2,4,2,3,2,4,2,3,2,4,3.5796925916593265,5.900367853285148,78.00999999999999,2021-04-17,Sweden,,Plan 2
105,3,3,2,4,2,3,2,4,2,3,2,4,3.076652933682501,5.071213977289417,78.00999999999999,2021-04-18,Sweden,,Plan 2
106,3,3,2,4,2,3,2,4,2,3,2,4,2.6443033183460787,4.358577376025608,78.00999999999999,2021-04-19,Sweden,,Plan 2
107,3,3,2,4,2,3,2,4,2,3,2,4,2.2727099925931094,3.7460844606514088,78.00999999999999,2021-04-20,Sweden,,Plan 2
108,3,3,2,4,2,3,2,4,2,3,2,4,1.9533351435206021,3.21966252477073,78.00999999999999,2021-04-21,Sweden,,Plan 2
109,3,3,2,4,2,3,2,4,2,3,2,4,1.6788407353679144,2.7672164193652136,78.00999999999999,2021-04-22,Sweden,,Plan 2
110,3,3,2,4,2,3,1,4,2,3,2,3,1.4494699574242376,2.3792863817991097,65.00999999999999,2021-04-23,Sweden,,Plan 2
111,3,3,2,4,2,3,1,4,2,3,2,3,1.2548526405658798,2.0471663887857603,65.00999999999999,2021-04-24,Sweden,,Plan 2
112,3,3,2,4,2,3,1,4,2,3,2,3,1.088263253818189,1.7631107202337157,65.00999999999999,2021-04-25,Sweden,,Plan 2
113,3,3,2,4,2,3,1,4,2,3,2,3,0.9449118116267231,1.5203405049880936,65.00999999999999,2021-04-26,Sweden,,Plan 2
114,3,3,2,4,2,3,1,4,2,3,2,3,0.8211439418548928,1.3129739263112055,65.00999999999999,2021-04-27,Sweden,,Plan 2
115,3,3,2,4,2,3,1,4,2,3,2,3,0.714043187864773,1.1359322183603728,65.00999999999999,2021-04-28,Sweden,,Plan 2
116,3,3,2,4,2,3,1,4,2,3,2,3,0.6212160409995936,0.9848429763077556,65.00999999999999,2021-04-29,Sweden,,Plan 2
117,3,3,2,4,2,3,1,4,2,3,2,3,0.5406639312062049,0.8550135439908937,65.00999999999999,2021-04-30,Sweden,,Plan 2
118,3,3,2,4,2,3,1,4,2,3,2,3,0.47069951913737745,0.7429916695011077,65.00999999999999,2021-05-01,Sweden,,Plan 2
119,3,3,2,4,2,3,1,4,2,3,2,3,0.4098875804394834,0.6460808590184355,65.00999999999999,2021-05-02,Sweden,,Plan 2
120,3,3,2,4,2,3,1,4,2,3,2,3,0.35700085555911476,0.5620935795802058,65.00999999999999,2021-05-03,Sweden,,Plan 2
121,3,3,2,4,2,3,1,4,2,3,2,3,0.3109857423079874,0.4892138367877906,65.00999999999999,2021-05-04,Sweden,,Plan 2
122,3,3,2,4,2,3,1,4,2,3,2,2,2928.8645538281503,1823.8439525118613,62.01,2021-03-05,Sweden,,Plan 3
123,3,3,2,4,2,3,1,4,2,3,2,2,2347.515312142194,1823.8439525118613,62.01,2021-03-06,Sweden,,Plan 3
124,3,3,2,4,2,3,1,4,2,3,2,2,1966.4287837427644,1823.8439525118613,62.01,2021-03-07,Sweden,,Plan 3
125,3,3,2,4,2,3,1,4,2,3,2,2,1684.7852738783026,1823.8439525118613,62.01,2021-03-08,Sweden,,Plan 3
126,3,3,2,4,2,3,1,4,2,3,2,2,1459.3959550692223,1823.8439525118613,62.01,2021-03-09,Sweden,,Plan 3
127,3,3,2,4,2,3,1,4,2,3,2,2,1270.745080265906,1823.8439525118613,62.01,2021-03-10,Sweden,,Plan 3
128,3,3,2,4,2,3,1,4,2,3,2,2,1109.1727086564895,1823.8439525118613,62.01,2021-03-11,Sweden,,Plan 3
129,3,3,2,3,2,0,1,4,2,3,2,0,990.3410860988055,1546.9120285505264,45.51,2021-03-12,Sweden,,Plan 3
130,3,3,2,3,2,0,1,4,2,3,2,0,894.4830350962405,1339.335988972533,45.51,2021-03-13,Sweden,,Plan 3
131,3,3,2,3,2,0,1,4,2,3,2,0,812.9767262951179,1174.5571236228693,45.51,2021-03-14,Sweden,,Plan 3
132,3,3,2,3,2,0,1,4,2,3,2,0,741.7045584579167,1039.8313071342427,45.51,2021-03-15,Sweden,,Plan 3
133,3,3,2,3,2,0,1,4,2,3,2,0,678.4179724867439,928.2630239081743,45.51,2021-03-16,Sweden,,Plan 3
134,3,3,2,3,2,0,1,4,2,3,2,0,621.7007054562107,835.5423989353607,45.51,2021-03-17,Sweden,,Plan 3
135,3,3,2,3,2,0,1,4,2,3,2,0,570.5529272188196,758.5967158728364,45.51,2021-03-18,Sweden,,Plan 3
136,3,1,2,2,2,0,0,4,2,3,2,0,533.3247479893828,693.3086675714903,33.67,2021-03-19,Sweden,,Plan 3
137,3,1,2,2,2,0,0,4,2,3,2,0,503.73335512826696,637.4872847189226,33.67,2021-03-20,Sweden,,Plan 3
138,3,1,2,2,2,0,0,4,2,3,2,0,478.87458882222364,589.7584079370806,33.67,2021-03-21,Sweden,,Plan 3
139,3,1,2,2,2,0,0,4,2,3,2,0,457.27547158370584,549.1256812407648,33.67,2021-03-22,Sweden,,Plan 3
140,3,1,2,2,2,0,0,4,2,3,2,0,438.09366491937715,514.7936373025696,33.67,2021-03-23,Sweden,,Plan 3
141,3,1,2,2,2,0,0,4,2,3,2,0,420.7888772256688,486.09194755534924,33.67,2021-03-24,Sweden,,Plan 3
142,3,1,2,2,2,0,0,4,2,3,2,0,404.98368903481645,462.4391992433488,33.67,2021-03-25,Sweden,,Plan 3
143,3,0,2,2,2,0,0,4,2,3,2,0,392.3114838012171,442.29444721646803,30.0,2021-03-26,Sweden,,Plan 3
144,3,0,2,2,2,0,0,4,2,3,2,0,381.5782853901464,424.843722968165,30.0,2021-03-27,Sweden,,Plan 3
145,3,0,2,2,2,0,0,4,2,3,2,0,372.1778867638841,409.6013369598308,30.0,2021-03-28,Sweden,,Plan 3
146,3,0,2,2,2,0,0,4,2,3,2,0,363.7611944713273,396.2421545152053,30.0,2021-03-29,Sweden,,Plan 3
147,3,0,2,2,2,0,0,4,2,3,2,0,356.1024006267568,384.5291167591167,30.0,2021-03-30,Sweden,,Plan 3
148,3,0,2,2,2,0,0,4,2,3,2,0,349.0425455697582,374.2796408082723,30.0,2021-03-31,Sweden,,Plan 3
149,3,0,2,2,2,0,0,4,2,3,2,0,342.46374578823924,365.3482203444755,30.0,2021-04-01,Sweden,,Plan 3
150,1,0,2,2,1,0,0,4,2,3,2,0,341.89366127600505,358.1456742694453,19.0,2021-04-02,Sweden,,Plan 3
151,1,0,2,2,1,0,0,4,2,3,2,0,345.6151165438171,353.0080787199696,19.0,2021-04-03,Sweden,,Plan 3
152,1,0,2,2,1,0,0,4,2,3,2,0,352.12086410605,350.1427897688505,19.0,2021-04-04,Sweden,,Plan 3
153,1,0,2,2,1,0,0,4,2,3,2,0,360.72468797427473,349.7090031264144,19.0,2021-04-05,Sweden,,Plan 3
154,1,0,2,2,1,0,0,4,2,3,2,0,371.072571354471,351.84759894465935,19.0,2021-04-06,Sweden,,Plan 3
155,1,0,2,2,1,0,0,4,2,3,2,0,382.95571510198056,356.69233744926254,19.0,2021-04-07,Sweden,,Plan 3
156,1,0,2,2,1,0,0,4,2,3,2,0,396.2375914996835,364.3743154080403,19.0,2021-04-08,Sweden,,Plan 3
157,1,0,1,1,2,0,0,4,2,3,2,0,413.7194503757306,374.6351424222868,14.0,2021-04-09,Sweden,,Plan 3
158,1,0,1,1,2,0,0,4,2,3,2,0,435.51587423350077,387.47810780652736,14.0,2021-04-10,Sweden,,Plan 3
159,1,0,1,1,2,0,0,4,2,3,2,0,460.9290363122274,403.02213240740974,14.0,2021-04-11,Sweden,,Plan 3
160,1,0,1,1,2,0,0,4,2,3,2,0,489.7366303959648,421.4524098962227,14.0,2021-04-12,Sweden,,Plan 3
161,1,0,1,1,2,0,0,4,2,3,2,0,521.9111626019501,443.0007800744339,14.0,2021-04-13,Sweden,,Plan 3
162,1,0,1,1,2,0,0,4,2,3,2,0,557.5172950333964,467.9381486360648,14.0,2021-04-14,Sweden,,Plan 3
163,1,0,1,1,2,0,0,4,2,3,2,0,596.6735403054657,496.57185560831937,14.0,2021-04-15,Sweden,,Plan 3
164,1,0,1,1,2,0,0,4,2,3,2,0,639.5374898795648,528.8315755374385,14.0,2021-04-16,Sweden,,Plan 3
165,1,0,1,1,2,0,0,4,2,3,2,0,686.2997361041103,564.6578415189542,14.0,2021-04-17,Sweden,,Plan 3
166,1,0,1,1,2,0,0,4,2,3,2,0,737.1813289799815,604.1224547572048,14.0,2021-04-18,Sweden,,Plan 3
167,1,0,1,1,2,0,0,4,2,3,2,0,792.4327963485196,647.3647641789984,14.0,2021-04-19,Sweden,,Plan 3
168,1,0,1,1,2,0,0,4,2,3,2,0,852.3339893402793,694.5680251416168,14.0,2021-04-20,Sweden,,Plan 3
169,1,0,1,1,2,0,0,4,2,3,2,0,917.1944487997418,745.9504756796662,14.0,2021-04-21,Sweden,,Plan 3
170,1,0,1,1,2,0,0,4,2,3,2,0,987.354156783274,801.7619923193531,14.0,2021-04-22,Sweden,,Plan 3
171,1,0,1,1,2,0,0,4,2,3,2,0,1063.1845907083618,862.2830067234669,14.0,2021-04-23,Sweden,,Plan 3
172,1,0,1,1,2,0,0,4,2,3,2,0,1145.0900402813907,927.8244787487928,14.0,2021-04-24,Sweden,,Plan 3
173,1,0,1,1,2,0,0,4,2,3,2,0,1233.5091577793262,998.7284542915562,14.0,2021-04-25,Sweden,,Plan 3
174,1,0,1,1,2,0,0,4,2,3,2,0,1328.9167184515934,1075.3690145919952,14.0,2021-04-26,Sweden,,Plan 3
175,1,0,1,1,2,0,0,4,2,3,2,0,1431.8255774538316,1158.1535271796458,14.0,2021-04-27,Sweden,,Plan 3
176,1,0,1,1,2,0,0,4,2,3,2,0,1542.7888168488712,1247.524151186664,14.0,2021-04-28,Sweden,,Plan 3
177,1,0,1,1,2,0,0,4,2,3,2,0,1662.4020675665759,1343.95956701285,14.0,2021-04-29,Sweden,,Plan 3
178,1,0,1,1,2,0,0,4,2,3,2,0,1791.3059995712483,1447.9769111361197,14.0,2021-04-30,Sweden,,Plan 3
179,1,0,1,1,2,0,0,4,2,3,2,0,1930.1889754257459,1560.1339018710275,14.0,2021-05-01,Sweden,,Plan 3
180,1,0,1,1,2,0,0,4,2,3,2,0,2079.789859707399,1681.0311450036095,14.0,2021-05-02,Sweden,,Plan 3
181,1,0,1,1,2,0,0,4,2,3,2,0,2240.900973674123,1811.3146100353993,14.0,2021-05-03,Sweden,,Plan 3
182,1,0,1,1,2,0,0,4,2,3,2,0,2414.3712045839293,1951.6782710539846,14.0,2021-05-04,Sweden,,Plan 3
183,3,3,2,4,2,3,2,4,2,3,2,4,2882.0832330056883,1714.7612885409173,78.00999999999999,2021-03-05,Sweden,,Plan 4
184,3,3,2,4,2,3,2,4,2,3,2,4,2264.809502307674,1714.7612885409173,78.00999999999999,2021-03-06,Sweden,,Plan 4
185,3,3,2,4,2,3,2,4,2,3,2,4,1859.0936032542622,1714.7612885409173,78.00999999999999,2021-03-07,Sweden,,Plan 4
186,3,3,2,4,2,3,2,4,2,3,2,4,1561.8439053261975,1714.7612885409173,78.00999999999999,2021-03-08,Sweden,,Plan 4
187,3,3,2,4,2,3,2,4,2,3,2,4,1327.5683999086561,1714.7612885409173,78.00999999999999,2021-03-09,Sweden,,Plan 4
188,3,3,2,4,2,3,2,4,2,3,2,4,1134.946303006202,1714.7612885409173,78.00999999999999,2021-03-10,Sweden,,Plan 4
189,3,3,2,4,2,3,2,4,2,3,2,4,972.98407297774,1714.7612885409173,78.00999999999999,2021-03-11,Sweden,,Plan 4
190,3,3,2,4,2,3,2,4,2,3,2,4,835.2556582684766,1422.357349292744,78.00999999999999,2021-03-12,Sweden,,Plan 4
191,3,3,2,4,2,3,2,4,2,3,2,4,717.4841160648649,1201.3108655437713,78.00999999999999,2021-03-13,Sweden,,Plan 4
192,3,3,2,4,2,3,2,4,2,3,2,4,616.5069604058426,1023.7984879939971,78.00999999999999,2021-03-14,Sweden,,Plan 4
193,3,3,2,4,2,3,2,4,2,3,2,4,529.8175272120018,876.3661482633978,78.00999999999999,2021-03-15,Sweden,,Plan 4
194,3,3,2,4,2,3,2,4,2,3,2,4,455.34832924652187,751.7632810259499,78.00999999999999,2021-03-16,Sweden,,Plan 4
195,3,3,2,4,2,3,2,4,2,3,2,4,391.358066124554,645.5363900428574,78.00999999999999,2021-03-17,Sweden,,Plan 4
196,3,3,2,4,2,3,2,4,2,3,2,4,336.3646892909636,554.5907638018894,78.00999999999999,2021-03-18,Sweden,,Plan 4
197,3,3,2,4,2,3,2,4,2,3,2,4,289.1003074709389,476.5685708308125,78.00999999999999,2021-03-19,Sweden,,Plan 4
198,3,3,2,4,2,3,2,4,2,3,2,4,248.47754800310284,409.5676325362751,78.00999999999999,2021-03-20,Sweden,,Plan 4
199,3,3,2,4,2,3,2,4,2,3,2,4,213.56274905055375,352.00417377123387,78.00999999999999,2021-03-21,Sweden,,Plan 4
200,3,3,2,4,2,3,2,4,2,3,2,4,183.55378117179575,302.5379243369187,78.00999999999999,2021-03-22,Sweden,,Plan 4
201,3,3,2,4,2,3,2,4,2,3,2,4,157.76133700285737,260.02549687353803,78.00999999999999,2021-03-23,Sweden,,Plan 4
202,3,3,2,4,2,3,2,4,2,3,2,4,135.59299211236015,223.48762915751036,78.00999999999999,2021-03-24,Sweden,,Plan 4
203,3,3,2,4,2,3,2,4,2,3,2,4,116.53956196115163,192.08403953896575,78.00999999999999,2021-03-25,Sweden,,Plan 4
204,3,3,2,4,2,3,1,4,2,3,2,3,100.62146410516259,165.15849048671203,65.00999999999999,2021-03-26,Sweden,,Plan 4
205,3,3,2,4,2,3,1,4,2,3,2,3,87.11535051672978,142.10674798865873,65.00999999999999,2021-03-27,Sweden,,Plan 4
206,3,3,2,4,2,3,1,4,2,3,2,3,75.55359384565864,122.39115438795942,65.00999999999999,2021-03-28,Sweden,,Plan 4
207,3,3,2,4,2,3,1,4,2,3,2,3,65.6037899770911,105.54115564585875,65.00999999999999,2021-03-29,Sweden,,Plan 4
208,3,3,2,4,2,3,1,4,2,3,2,3,57.012563948851934,91.14847378100083,65.00999999999999,2021-03-30,Sweden,,Plan 4
209,3,3,2,4,2,3,1,4,2,3,2,3,49.57775008339869,78.86058206257778,65.00999999999999,2021-03-31,Sweden,,Plan 4
210,3,3,2,4,2,3,1,4,2,3,2,3,43.13341841601315,68.37399012755797,65.00999999999999,2021-04-01,Sweden,,Plan 4
211,3,3,2,4,2,1,1,4,2,3,2,1,37.94516391695395,59.420232957813894,53.01,2021-04-02,Sweden,,Plan 4
212,3,3,2,4,2,1,1,4,2,3,2,1,33.60148142917079,51.77539451673403,53.01,2021-04-03,Sweden,,Plan 4
213,3,3,2,4,2,1,1,4,2,3,2,1,29.87948712796031,45.25052212849142,53.01,2021-04-04,Sweden,,Plan 4
214,3,3,2,4,2,1,1,4,2,3,2,1,26.64539165330441,39.685036653664746,53.01,2021-04-05,Sweden,,Plan 4
215,3,3,2,4,2,1,1,4,2,3,2,1,23.81028240442514,34.94185357588949,53.01,2021-04-06,Sweden,,Plan 4
216,3,3,2,4,2,1,1,4,2,3,2,1,21.3099710269503,30.903599424968295,53.01,2021-04-07,Sweden,,Plan 4
217,3,3,2,4,2,1,1,4,2,3,2,1,19.095315479426354,27.469584719741608,53.01,2021-04-08,Sweden,,Plan 4
218,3,3,2,2,2,0,1,4,2,3,2,0,17.322600294774983,24.523504202287473,43.01,2021-04-09,Sweden,,Plan 4
219,3,3,2,2,2,0,1,4,2,3,2,0,15.829480219114028,21.984646886565077,43.01,2021-04-10,Sweden,,Plan 4
220,3,3,2,2,2,0,1,4,2,3,2,0,14.533033087636444,19.792296309375953,43.01,2021-04-11,Sweden,,Plan 4
221,3,3,2,2,2,0,1,4,2,3,2,0,13.38638414102063,17.898152379049698,43.01,2021-04-12,Sweden,,Plan 4
222,3,3,2,2,2,0,1,4,2,3,2,0,12.36002385079623,16.26240115710271,43.01,2021-04-13,Sweden,,Plan 4
223,3,3,2,2,2,0,1,4,2,3,2,0,11.433593846784374,14.851490131364722,43.01,2021-04-14,Sweden,,Plan 4
224,3,3,2,2,2,0,1,4,2,3,2,0,10.592088722748803,13.636743451839354,43.01,2021-04-15,Sweden,,Plan 4
225,3,0,2,2,0,0,0,4,2,3,2,0,10.047123487667822,12.597389622252619,28.0,2021-04-16,Sweden,,Plan 4
226,3,0,2,2,0,0,0,4,2,3,2,0,9.659014222527743,11.71589447988315,28.0,2021-04-17,Sweden,,Plan 4
227,3,0,2,2,0,0,0,4,2,3,2,0,9.36438982343859,10.977516870712027,28.0,2021-04-18,Sweden,,Plan 4
228,3,0,2,2,0,0,0,4,2,3,2,0,9.131959233563832,10.369741883932486,28.0,2021-04-19,Sweden,,Plan 4
229,3,0,2,2,0,0,0,4,2,3,2,0,8.944273512448566,9.881777549882818,28.0,2021-04-20,Sweden,,Plan 4
230,3,0,2,2,0,0,0,4,2,3,2,0,8.79030976705666,9.504165538493144,28.0,2021-04-21,Sweden,,Plan 4
231,3,0,2,2,0,0,0,4,2,3,2,0,8.662400321207699,9.228495766844416,28.0,2021-04-22,Sweden,,Plan 4
232,1,0,1,1,2,0,0,4,2,3,2,0,8.738377480907348,9.04153205159292,14.0,2021-04-23,Sweden,,Plan 4
233,1,0,1,1,2,0,0,4,2,3,2,0,8.977614956983146,8.944189299372264,14.0,2021-04-24,Sweden,,Plan 4
234,1,0,1,1,2,0,0,4,2,3,2,0,9.327960020091862,8.938985041751302,14.0,2021-04-25,Sweden,,Plan 4
235,1,0,1,1,2,0,0,4,2,3,2,0,9.768815263232955,9.029964474561178,14.0,2021-04-26,Sweden,,Plan 4
236,1,0,1,1,2,0,0,4,2,3,2,0,10.29192091738692,9.222485532409513,14.0,2021-04-27,Sweden,,Plan 4
237,1,0,1,1,2,0,0,4,2,3,2,0,10.894222409873835,9.523044481383394,14.0,2021-04-28,Sweden,,Plan 4
238,1,0,1,1,2,0,0,4,2,3,2,0,11.575219794794243,9.939161549038616,14.0,2021-04-29,Sweden,,Plan 4
239,1,0,1,1,2,0,0,4,2,3,2,0,12.335950081131392,10.453100491927765,14.0,2021-04-30,Sweden,,Plan 4
240,1,0,1,1,2,0,0,4,2,3,2,0,13.178566722365346,11.053236458410936,14.0,2021-05-01,Sweden,,Plan 4
241,1,0,1,1,2,0,0,4,2,3,2,0,14.106144747468937,11.735834276607662,14.0,2021-05-02,Sweden,,Plan 4
242,1,0,1,1,2,0,0,4,2,3,2,0,15.122582111715214,12.500658112105127,14.0,2021-05-03,Sweden,,Plan 4
243,1,0,1,1,2,0,0,4,2,3,2,0,16.232544925153313,13.349318684643183,14.0,2021-05-04,Sweden,,Plan 4
244,3,2,2,2,2,0,1,4,2,3,2,0,3169.9474495902696,2472.105189486653,39.34,2021-03-05,Sweden,,Plan 5
245,3,2,2,2,2,0,1,4,2,3,2,0,2786.06266212391,2472.105189486653,39.34,2021-03-06,Sweden,,Plan 5
246,3,2,2,2,2,0,1,4,2,3,2,0,2557.3255026922902,2472.105189486653,39.34,2021-03-07,Sweden,,Plan 5
247,3,2,2,2,2,0,1,4,2,3,2,0,2391.535428110949,2472.105189486653,39.34,2021-03-08,Sweden,,Plan 5
248,3,2,2,2,2,0,1,4,2,3,2,0,2253.6505609656488,2472.105189486653,39.34,2021-03-09,Sweden,,Plan 5
249,3,2,2,2,2,0,1,4,2,3,2,0,2130.226990193315,2472.105189486653,39.34,2021-03-10,Sweden,,Plan 5
250,3,2,2,2,2,0,1,4,2,3,2,0,2015.9877327301901,2472.105189486653,39.34,2021-03-11,Sweden,,Plan 5
251,3,1,2,2,2,0,1,4,2,3,2,0,1920.2090878831289,2293.5711378142046,35.67,2021-03-12,Sweden,,Plan 5
252,3,1,2,2,2,0,1,4,2,3,2,0,1834.8791313040033,2157.687776268504,35.67,2021-03-13,Sweden,,Plan 5
253,3,1,2,2,2,0,1,4,2,3,2,0,1756.5290118988823,2043.288277583731,35.67,2021-03-14,Sweden,,Plan 5
254,3,1,2,2,2,0,1,4,2,3,2,0,1683.4743597648296,1942.1366963914281,35.67,2021-03-15,Sweden,,Plan 5
255,3,1,2,2,2,0,1,4,2,3,2,0,1614.7691547940183,1850.867924081195,35.67,2021-03-16,Sweden,,Plan 5
256,3,1,2,2,2,0,1,4,2,3,2,0,1549.8025187497221,1767.9501424463963,35.67,2021-03-17,Sweden,,Plan 5
257,3,1,2,2,2,0,1,4,2,3,2,0,1488.1367133597987,1692.5428539649122,35.67,2021-03-18,Sweden,,Plan 5
258,2,0,2,2,0,0,0,4,2,3,2,0,1458.1485103880539,1626.534200037044,23.0,2021-03-19,Sweden,,Plan 5
259,2,0,2,2,0,0,0,4,2,3,2,0,1446.2884792448544,1571.02124974288,23.0,2021-03-20,Sweden,,Plan 5
260,2,0,2,2,0,0,0,4,2,3,2,0,1445.2991472655633,1526.5598405095486,23.0,2021-03-21,Sweden,,Plan 5
261,2,0,2,2,0,0,0,4,2,3,2,0,1451.770365695617,1493.4592699282325,23.0,2021-03-22,Sweden,,Plan 5
262,2,0,2,2,0,0,0,4,2,3,2,0,1463.869674000474,1471.9022012434405,23.0,2021-03-23,Sweden,,Plan 5
263,2,0,2,2,0,0,0,4,2,3,2,0,1480.460857476579,1461.9962496329915,23.0,2021-03-24,Sweden,,Plan 5
264,2,0,2,2,0,0,0,4,2,3,2,0,1500.7554237080205,1463.79892253988,23.0,2021-03-25,Sweden,,Plan 5
265,1,0,2,2,1,0,0,4,2,3,2,0,1531.577613826877,1474.288794459712,19.0,2021-03-26,Sweden,,Plan 5
266,1,0,2,2,1,0,0,4,2,3,2,0,1572.2401151280717,1492.2818853001718,19.0,2021-03-27,Sweden,,Plan 5
267,1,0,2,2,1,0,0,4,2,3,2,0,1620.2963627876986,1517.2814875176196,19.0,2021-03-28,Sweden,,Plan 5
268,1,0,2,2,1,0,0,4,2,3,2,0,1674.5773870455512,1549.111061996182,19.0,2021-03-29,Sweden,,Plan 5
269,1,0,2,2,1,0,0,4,2,3,2,0,1734.4456484783866,1587.7647726358834,19.0,2021-03-30,Sweden,,Plan 5
270,1,0,2,2,1,0,0,4,2,3,2,0,1799.5119680254934,1633.3435027143,19.0,2021-03-31,Sweden,,Plan 5
271,1,0,2,2,1,0,0,4,2,3,2,0,1869.523133564101,1686.0246041223113,19.0,2021-04-01,Sweden,,Plan 5
272,1,0,2,2,1,0,0,4,2,3,2,0,1944.313070689991,1744.9868122456135,19.0,2021-04-02,Sweden,,Plan 5
273,1,0,2,2,1,0,0,4,2,3,2,0,2023.7786398614285,1809.4923157789501,19.0,2021-04-03,Sweden,,Plan 5
274,1,0,2,2,1,0,0,4,2,3,2,0,2107.8656114241967,1879.145065584164,19.0,2021-04-04,Sweden,,Plan 5
275,1,0,2,2,1,0,0,4,2,3,2,0,2196.5593589523114,1953.713918713701,19.0,2021-04-05,Sweden,,Plan 5
276,1,0,2,2,1,0,0,4,2,3,2,0,2289.8781065478274,2033.0614127236215,19.0,2021-04-06,Sweden,,Plan 5
277,1,0,2,2,1,0,0,4,2,3,2,0,2387.867745060026,2117.1122380142688,19.0,2021-04-07,Sweden,,Plan 5
278,1,0,2,2,1,0,0,4,2,3,2,0,2490.5977365003478,2205.837181290876,19.0,2021-04-08,Sweden,,Plan 5
279,2,0,1,0,2,0,0,4,2,3,2,0,2605.9556499667447,2300.357549758983,16.5,2021-04-09,Sweden,,Plan 5
280,2,0,1,0,2,0,0,4,2,3,2,0,2734.887085753776,2401.9444706007475,16.5,2021-04-10,Sweden,,Plan 5
281,2,0,1,0,2,0,0,4,2,3,2,0,2875.7049317089745,2511.6358020700013,16.5,2021-04-11,Sweden,,Plan 5
282,2,0,1,0,2,0,0,4,2,3,2,0,3027.8688712978696,2630.394303833652,16.5,2021-04-12,Sweden,,Plan 5
283,2,0,1,0,2,0,0,4,2,3,2,0,3191.297447653155,2759.1684954201273,16.5,2021-04-13,Sweden,,Plan 5
284,2,0,1,0,2,0,0,4,2,3,2,0,3366.1184562188305,2898.9185970142426,16.5,2021-04-14,Sweden,,Plan 5
285,2,0,1,0,2,0,0,4,2,3,2,0,3552.5753348690055,3050.6296824954793,16.5,2021-04-15,Sweden,,Plan 5
286,1,0,1,1,2,0,0,4,2,3,2,0,3764.4521561646297,3216.1291833808914,14.0,2021-04-16,Sweden,,Plan 5
287,1,0,1,1,2,0,0,4,2,3,2,0,4004.3882311069196,3397.486489859912,14.0,2021-04-17,Sweden,,Plan 5
288,1,0,1,1,2,0,0,4,2,3,2,0,4270.158194333918,3596.694098806333,14.0,2021-04-18,Sweden,,Plan 5
289,1,0,1,1,2,0,0,4,2,3,2,0,4561.54594669578,3815.7908238631767,14.0,2021-04-19,Sweden,,Plan 5
290,1,0,1,1,2,0,0,4,2,3,2,0,4879.1569680663515,4056.9136124936335,14.0,2021-04-20,Sweden,,Plan 5
291,1,0,1,1,2,0,0,4,2,3,2,0,5223.9923691500935,4322.324171483814,14.0,2021-04-21,Sweden,,Plan 5
292,1,0,1,1,2,0,0,4,2,3,2,0,5597.292258509063,4614.426589146679,14.0,2021-04-22,Sweden,,Plan 5
293,3,0,1,0,2,0,0,4,2,3,2,0,5951.677244968617,4926.8873161186775,21.5,2021-04-23,Sweden,,Plan 5
294,3,0,1,0,2,0,0,4,2,3,2,0,6276.636476439659,5251.494208309069,21.5,2021-04-24,Sweden,,Plan 5
295,3,0,1,0,2,0,0,4,2,3,2,0,6583.595501912461,5581.98525224886,21.5,2021-04-25,Sweden,,Plan 5
296,3,0,1,0,2,0,0,4,2,3,2,0,6878.113332878293,5912.923450274934,21.5,2021-04-26,Sweden,,Plan 5
297,3,0,1,0,2,0,0,4,2,3,2,0,7163.551594242011,6239.2655397286,21.5,2021-04-27,Sweden,,Plan 5
298,3,0,1,0,2,0,0,4,2,3,2,0,7442.327737648464,6556.170592371223,21.5,2021-04-28,Sweden,,Plan 5
299,3,0,1,0,2,0,0,4,2,3,2,0,7716.353873404447,6858.893680213421,21.5,2021-04-29,Sweden,,Plan 5
300,3,0,1,0,2,0,0,4,2,3,2,0,7987.202348615493,7149.682980734404,21.5,2021-04-30,Sweden,,Plan 5
301,3,0,1,0,2,0,0,4,2,3,2,0,8256.17957644847,7432.474852164234,21.5,2021-05-01,Sweden,,Plan 5
302,3,0,1,0,2,0,0,4,2,3,2,0,8524.369578860975,7709.728291728307,21.5,2021-05-02,Sweden,,Plan 5
303,3,0,1,0,2,0,0,4,2,3,2,0,8792.665422284983,7983.23573307212,21.5,2021-05-03,Sweden,,Plan 5
304,3,0,1,0,2,0,0,4,2,3,2,0,9061.795473539276,8254.413430114586,21.5,2021-05-04,Sweden,,Plan 5
305,3,3,2,4,2,3,2,4,2,3,2,4,2882.0832330056883,1714.7612885409173,78.00999999999999,2021-03-05,Sweden,,Plan 6
306,3,3,2,4,2,3,2,4,2,3,2,4,2264.809502307674,1714.7612885409173,78.00999999999999,2021-03-06,Sweden,,Plan 6
307,3,3,2,4,2,3,2,4,2,3,2,4,1859.0936032542622,1714.7612885409173,78.00999999999999,2021-03-07,Sweden,,Plan 6
308,3,3,2,4,2,3,2,4,2,3,2,4,1561.8439053261975,1714.7612885409173,78.00999999999999,2021-03-08,Sweden,,Plan 6
309,3,3,2,4,2,3,2,4,2,3,2,4,1327.5683999086561,1714.7612885409173,78.00999999999999,2021-03-09,Sweden,,Plan 6
310,3,3,2,4,2,3,2,4,2,3,2,4,1134.946303006202,1714.7612885409173,78.00999999999999,2021-03-10,Sweden,,Plan 6
311,3,3,2,4,2,3,2,4,2,3,2,4,972.98407297774,1714.7612885409173,78.00999999999999,2021-03-11,Sweden,,Plan 6
312,3,3,2,4,2,3,1,4,2,3,2,2,840.9431967783092,1423.1698547941487,62.01,2021-03-12,Sweden,,Plan 6
313,3,3,2,4,2,3,1,4,2,3,2,2,729.9232435930986,1203.900389263495,62.01,2021-03-13,Sweden,,Plan 6
314,3,3,2,4,2,3,1,4,2,3,2,2,635.0591817850744,1029.0383290536113,62.01,2021-03-14,Sweden,,Plan 6
315,3,3,2,4,2,3,1,4,2,3,2,2,553.3089139419419,884.9619017130033,62.01,2021-03-15,Sweden,,Plan 6
316,3,3,2,4,2,3,1,4,2,3,2,2,482.5295610142234,764.242067585227,62.01,2021-03-16,Sweden,,Plan 6
317,3,3,2,4,2,3,1,4,2,3,2,2,421.0788452405685,662.2610021901365,62.01,2021-03-17,Sweden,,Plan 6
318,3,3,2,4,2,3,1,4,2,3,2,2,367.6318736144992,575.7821165668165,62.01,2021-03-18,Sweden,,Plan 6
319,3,3,2,4,2,2,1,4,2,3,2,2,322.4942859931667,501.71798645465327,58.01,2021-03-19,Sweden,,Plan 6
320,3,3,2,4,2,2,1,4,2,3,2,2,283.70116478652454,437.9719751965713,58.01,2021-03-20,Sweden,,Plan 6
321,3,3,2,4,2,2,1,4,2,3,2,2,250.028882319142,382.967646701438,58.01,2021-03-21,Sweden,,Plan 6
322,3,3,2,4,2,2,1,4,2,3,2,2,220.62914496653096,335.4419654192365,58.01,2021-03-22,Sweden,,Plan 6
323,3,3,2,4,2,2,1,4,2,3,2,2,194.86380369653884,294.3468572309958,58.01,2021-03-23,Sweden,,Plan 6
324,3,3,2,4,2,2,1,4,2,3,2,2,172.22604877173134,258.7964577354477,58.01,2021-03-24,Sweden,,Plan 6
325,3,3,2,4,2,2,1,4,2,3,2,2,152.29960184676608,228.03470462577152,58.01,2021-03-25,Sweden,,Plan 6
326,3,3,2,3,2,0,1,4,2,3,2,2,136.29318469579704,201.43454729757582,47.51,2021-03-26,Sweden,,Plan 6
327,3,3,2,3,2,0,1,4,2,3,2,2,122.82583896954459,178.4523578951501,47.51,2021-03-27,Sweden,,Plan 6
328,3,3,2,3,2,0,1,4,2,3,2,2,111.18043055907411,158.616864786569,47.51,2021-03-28,Sweden,,Plan 6
329,3,3,2,3,2,0,1,4,2,3,2,2,100.94431485507046,141.5190319135032,47.51,2021-03-29,Sweden,,Plan 6
330,3,3,2,3,2,0,1,4,2,3,2,2,91.85308251024132,126.80321460117499,47.51,2021-03-30,Sweden,,Plan 6
331,3,3,2,3,2,0,1,4,2,3,2,2,83.72115649141547,114.15965856112987,47.51,2021-03-31,Sweden,,Plan 6
332,3,3,2,3,2,0,1,4,2,3,2,2,76.4094101810348,103.31820260888254,47.51,2021-04-01,Sweden,,Plan 6
333,3,2,2,2,2,0,0,4,2,3,2,0,70.74956939723786,93.95482899480267,37.34,2021-04-02,Sweden,,Plan 6
334,3,2,2,2,2,0,0,4,2,3,2,0,66.06478833155258,85.84610747508952,37.34,2021-04-03,Sweden,,Plan 6
335,3,2,2,2,2,0,0,4,2,3,2,0,62.025127486374,78.82392132184665,37.34,2021-04-04,Sweden,,Plan 6
336,3,2,2,2,2,0,0,4,2,3,2,0,58.453225999178784,72.75376577100498,37.34,2021-04-05,Sweden,,Plan 6
337,3,2,2,2,2,0,0,4,2,3,2,0,55.242463457270276,67.52367733486625,37.34,2021-04-06,Sweden,,Plan 6
338,3,2,2,2,2,0,0,4,2,3,2,0,52.3220529421238,63.03809111353887,37.34,2021-04-07,Sweden,,Plan 6
339,3,2,2,2,2,0,0,4,2,3,2,0,49.64148947395155,59.21410244109841,37.34,2021-04-08,Sweden,,Plan 6
340,1,0,2,2,1,0,0,4,2,3,2,0,48.497941944766175,56.03529851931673,19.0,2021-04-09,Sweden,,Plan 6
341,1,0,2,2,1,0,0,4,2,3,2,0,48.284494023396306,53.49525647529441,19.0,2021-04-10,Sweden,,Plan 6
342,1,0,2,2,1,0,0,4,2,3,2,0,48.630091759867284,51.58167994293631,19.0,2021-04-11,Sweden,,Plan 6
343,1,0,2,2,1,0,0,4,2,3,2,0,49.369785318146896,50.284045559931755,19.0,2021-04-12,Sweden,,Plan 6
344,1,0,2,2,1,0,0,4,2,3,2,0,50.421151941036825,49.59528677189841,19.0,2021-04-13,Sweden,,Plan 6
345,1,0,2,2,1,0,0,4,2,3,2,0,51.736667215670245,49.5116602395479,19.0,2021-04-14,Sweden,,Plan 6
346,1,0,2,2,1,0,0,4,2,3,2,0,53.285363511124984,50.032213673429816,19.0,2021-04-15,Sweden,,Plan 6
347,1,0,1,1,2,0,0,4,2,3,2,0,55.4405538953558,51.02401538065691,14.0,2021-04-16,Sweden,,Plan 6
348,1,0,1,1,2,0,0,4,2,3,2,0,58.20227640497895,52.44084143516871,14.0,2021-04-17,Sweden,,Plan 6
349,1,0,1,1,2,0,0,4,2,3,2,0,61.46797235659609,54.274824377558545,14.0,2021-04-18,Sweden,,Plan 6
350,1,0,1,1,2,0,0,4,2,3,2,0,65.20274405664274,56.536675625915095,14.0,2021-04-19,Sweden,,Plan 6
351,1,0,1,1,2,0,0,4,2,3,2,0,69.3997048957359,59.24789747658639,14.0,2021-04-20,Sweden,,Plan 6
352,1,0,1,1,2,0,0,4,2,3,2,0,74.06534831087377,62.437709061615465,14.0,2021-04-21,Sweden,,Plan 6
353,1,0,1,1,2,0,0,4,2,3,2,0,79.21403170610168,66.1418045180407,14.0,2021-04-22,Sweden,,Plan 6
354,1,0,1,1,2,0,0,4,2,3,2,0,84.86581859133345,70.34541376032323,14.0,2021-04-23,Sweden,,Plan 6
355,1,0,1,1,2,0,0,4,2,3,2,0,91.0455713345565,75.03731303597716,14.0,2021-04-24,Sweden,,Plan 6
356,1,0,1,1,2,0,0,4,2,3,2,0,97.78256031516982,80.22511131577342,14.0,2021-04-25,Sweden,,Plan 6
357,1,0,1,1,2,0,0,4,2,3,2,0,105.11030602918974,85.92619159756585,14.0,2021-04-26,Sweden,,Plan 6
358,1,0,1,1,2,0,0,4,2,3,2,0,113.06654867279224,92.16431213714532,14.0,2021-04-27,Sweden,,Plan 6
359,1,0,1,1,2,0,0,4,2,3,2,0,121.6933000440448,98.96830524188404,14.0,2021-04-28,Sweden,,Plan 6
360,1,0,1,1,2,0,0,4,2,3,2,0,131.03695808600483,106.37158043901306,14.0,2021-04-29,Sweden,,Plan 6
361,1,0,1,1,2,0,0,4,2,3,2,0,141.1484723419484,114.41195954624376,14.0,2021-04-30,Sweden,,Plan 6
362,1,0,1,1,2,0,0,4,2,3,2,0,152.0835543788102,123.13167140970859,14.0,2021-05-01,Sweden,,Plan 6
363,1,0,1,1,2,0,0,4,2,3,2,0,163.9029298153072,132.57743848115678,14.0,2021-05-02,Sweden,,Plan 6
364,1,0,1,1,2,0,0,4,2,3,2,0,176.67262937793112,142.80062753097698,14.0,2021-05-03,Sweden,,Plan 6
365,1,0,1,1,2,0,0,4,2,3,2,0,190.4643181172658,153.85745173733034,14.0,2021-05-04,Sweden,,Plan 6
366,3,3,2,4,2,3,2,4,2,3,2,4,2882.0832330056883,1714.7612885409173,78.00999999999999,2021-03-05,Sweden,,Plan 7
367,3,3,2,4,2,3,2,4,2,3,2,4,2264.809502307674,1714.7612885409173,78.00999999999999,2021-03-06,Sweden,,Plan 7
368,3,3,2,4,2,3,2,4,2,3,2,4,1859.0936032542622,1714.7612885409173,78.00999999999999,2021-03-07,Sweden,,Plan 7
369,3,3,2,4,2,3,2,4,2,3,2,4,1561.8439053261975,1714.7612885409173,78.00999999999999,2021-03-08,Sweden,,Plan 7
370,3,3,2,4,2,3,2,4,2,3,2,4,1327.5683999086561,1714.7612885409173,78.00999999999999,2021-03-09,Sweden,,Plan 7
371,3,3,2,4,2,3,2,4,2,3,2,4,1134.946303006202,1714.7612885409173,78.00999999999999,2021-03-10,Sweden,,Plan 7
372,3,3,2,4,2,3,2,4,2,3,2,4,972.98407297774,1714.7612885409173,78.00999999999999,2021-03-11,Sweden,,Plan 7
373,3,3,2,4,2,3,2,4,2,3,2,4,835.2556582684766,1422.357349292744,78.00999999999999,2021-03-12,Sweden,,Plan 7
374,3,3,2,4,2,3,2,4,2,3,2,4,717.4841160648649,1201.3108655437713,78.00999999999999,2021-03-13,Sweden,,Plan 7
375,3,3,2,4,2,3,2,4,2,3,2,4,616.5069604058426,1023.7984879939971,78.00999999999999,2021-03-14,Sweden,,Plan 7
376,3,3,2,4,2,3,2,4,2,3,2,4,529.8175272120018,876.3661482633978,78.00999999999999,2021-03-15,Sweden,,Plan 7
377,3,3,2,4,2,3,2,4,2,3,2,4,455.34832924652187,751.7632810259499,78.00999999999999,2021-03-16,Sweden,,Plan 7
378,3,3,2,4,2,3,2,4,2,3,2,4,391.358066124554,645.5363900428574,78.00999999999999,2021-03-17,Sweden,,Plan 7
379,3,3,2,4,2,3,2,4,2,3,2,4,336.3646892909636,554.5907638018894,78.00999999999999,2021-03-18,Sweden,,Plan 7
380,3,3,2,4,2,3,2,4,2,3,2,4,289.1003074709389,476.5685708308125,78.00999999999999,2021-03-19,Sweden,,Plan 7
381,3,3,2,4,2,3,2,4,2,3,2,4,248.47754800310284,409.5676325362751,78.00999999999999,2021-03-20,Sweden,,Plan 7
382,3,3,2,4,2,3,2,4,2,3,2,4,213.56274905055375,352.00417377123387,78.00999999999999,2021-03-21,Sweden,,Plan 7
383,3,3,2,4,2,3,2,4,2,3,2,4,183.55378117179575,302.5379243369187,78.00999999999999,2021-03-22,Sweden,,Plan 7
384,3,3,2,4,2,3,2,4,2,3,2,4,157.76133700285737,260.02549687353803,78.00999999999999,2021-03-23,Sweden,,Plan 7
385,3,3,2,4,2,3,2,4,2,3,2,4,135.59299211236015,223.48762915751036,78.00999999999999,2021-03-24,Sweden,,Plan 7
386,3,3,2,4,2,3,2,4,2,3,2,4,116.53956196115163,192.08403953896575,78.00999999999999,2021-03-25,Sweden,,Plan 7
387,3,3,2,4,2,3,2,4,2,3,2,4,100.16339757209295,165.0930524105592,78.00999999999999,2021-03-26,Sweden,,Plan 7
388,3,3,2,4,2,3,2,4,2,3,2,4,86.0883335858313,141.89459320809183,78.00999999999999,2021-03-27,Sweden,,Plan 7
389,3,3,2,4,2,3,2,4,2,3,2,4,73.9910510961045,121.95577921459908,78.00999999999999,2021-03-28,Sweden,,Plan 7
390,3,3,2,4,2,3,2,4,2,3,2,4,63.593654465355314,104.81861825653617,78.00999999999999,2021-03-29,Sweden,,Plan 7
391,3,3,2,4,2,3,2,4,2,3,2,4,54.65729088334078,90.08946881089095,78.00999999999999,2021-03-30,Sweden,,Plan 7
392,3,3,2,4,2,3,2,4,2,3,2,4,46.976666003306825,77.42999365245475,78.00999999999999,2021-03-31,Sweden,,Plan 7
393,3,3,2,4,2,3,2,4,2,3,2,4,40.37532977603391,66.5493890545808,78.00999999999999,2021-04-01,Sweden,,Plan 7
394,3,3,2,4,2,3,2,4,2,3,2,4,34.701624338340785,57.19770716404478,78.00999999999999,2021-04-02,Sweden,,Plan 7
395,3,3,2,4,2,3,2,4,2,3,2,4,29.82520101015898,49.160116796091586,78.00999999999999,2021-04-03,Sweden,,Plan 7
396,3,3,2,4,2,3,2,4,2,3,2,4,25.63402650195998,42.25197042549951,78.00999999999999,2021-04-04,Sweden,,Plan 7
397,3,3,2,4,2,3,2,4,2,3,2,4,22.031809646216395,36.314564022765374,78.00999999999999,2021-04-05,Sweden,,Plan 7
398,3,3,2,4,2,3,2,4,2,3,2,4,18.935789604667146,31.21149241152629,78.00999999999999,2021-04-06,Sweden,,Plan 7
399,3,3,2,4,2,3,2,4,2,3,2,4,16.27483478955185,26.825516523847007,78.00999999999999,2021-04-07,Sweden,,Plan 7
400,3,3,2,4,2,3,2,4,2,3,2,4,13.987808861493997,23.055870678912733,78.00999999999999,2021-04-08,Sweden,,Plan 7
401,3,3,2,4,2,3,2,4,2,3,2,4,12.022166292191365,19.815948100891386,78.00999999999999,2021-04-09,Sweden,,Plan 7
402,3,3,2,4,2,3,2,4,2,3,2,4,10.332745246445457,17.03131156321803,78.00999999999999,2021-04-10,Sweden,,Plan 7
403,3,3,2,4,2,3,2,4,2,3,2,4,8.88073006565262,14.637983500888405,78.00999999999999,2021-04-11,Sweden,,Plan 7
404,3,3,2,4,2,3,2,4,2,3,2,4,7.632759527192738,12.580976341027881,78.00999999999999,2021-04-12,Sweden,,Plan 7
405,3,3,2,4,2,3,2,4,2,3,2,4,6.560160400212505,10.813029311820074,78.00999999999999,2021-04-13,Sweden,,Plan 7
406,3,3,2,4,2,3,2,4,2,3,2,4,5.638288694685355,9.293522726839146,78.00999999999999,2021-04-14,Sweden,,Plan 7
407,3,3,2,4,2,3,2,4,2,3,2,4,4.845963473206527,7.987544814226652,78.00999999999999,2021-04-15,Sweden,,Plan 7
408,3,3,2,4,2,3,1,4,2,3,2,2,4.188650660252263,6.868471152521066,62.01,2021-04-16,Sweden,,Plan 7
409,3,3,2,4,2,3,1,4,2,3,2,2,3.6328343046254763,5.911341017975355,62.01,2021-04-17,Sweden,,Plan 7
410,3,3,2,4,2,3,1,4,2,3,2,2,3.1576188037272472,5.0937536948431585,62.01,2021-04-18,Sweden,,Plan 7
411,3,3,2,4,2,3,1,4,2,3,2,2,2.7486176431479046,4.396019139979611,62.01,2021-04-19,Sweden,,Plan 7
412,3,3,2,4,2,3,1,4,2,3,2,2,2.3951271701791947,3.8010143928319953,62.01,2021-04-20,Sweden,,Plan 7
413,3,3,2,4,2,3,1,4,2,3,2,2,2.0887501830368085,3.293937462596489,62.01,2021-04-21,Sweden,,Plan 7
414,3,3,2,4,2,3,1,4,2,3,2,2,1.8226728035023545,2.8620387954958924,62.01,2021-04-22,Sweden,,Plan 7
415,1,0,1,1,2,0,0,4,2,3,2,0,1.716332933840544,2.5088505488656474,14.0,2021-04-23,Sweden,,Plan 7
416,1,0,1,1,2,0,0,4,2,3,2,0,1.6879158546341466,2.2310050560097427,14.0,2021-04-24,Sweden,,Plan 7
417,1,0,1,1,2,0,0,4,2,3,2,0,1.6984536499197644,2.0225528911801027,14.0,2021-04-25,Sweden,,Plan 7
418,1,0,1,1,2,0,0,4,2,3,2,0,1.7338432541178217,1.8775851213186618,14.0,2021-04-26,Sweden,,Plan 7
419,1,0,1,1,2,0,0,4,2,3,2,0,1.7888230931132458,1.7909702531663838,14.0,2021-04-27,Sweden,,Plan 7
420,1,0,1,1,2,0,0,4,2,3,2,0,1.8612023682462628,1.7584634224820201,14.0,2021-04-28,Sweden,,Plan 7
421,1,0,1,1,2,0,0,4,2,3,2,0,1.9499286198186672,1.776642824812922,14.0,2021-04-29,Sweden,,Plan 7
422,1,0,1,1,2,0,0,4,2,3,2,0,2.0544707254682177,1.8249482236168753,14.0,2021-04-30,Sweden,,Plan 7
423,1,0,1,1,2,0,0,4,2,3,2,0,2.1746204980908828,1.894477458396409,14.0,2021-05-01,Sweden,,Plan 7
424,1,0,1,1,2,0,0,4,2,3,2,0,2.310419553525879,1.9819011589115683,14.0,2021-05-02,Sweden,,Plan 7
425,1,0,1,1,2,0,0,4,2,3,2,0,2.46212306483174,2.0859411318706997,14.0,2021-05-03,Sweden,,Plan 7
426,1,0,1,1,2,0,0,4,2,3,2,0,2.6301760941384105,2.206134417731437,14.0,2021-05-04,Sweden,,Plan 7
427,3,3,2,2,2,0,1,4,2,3,2,0,3116.5733263436873,2315.368469670054,43.01,2021-03-05,Sweden,,Plan 8
428,3,3,2,2,2,0,1,4,2,3,2,0,2687.19655312349,2315.368469670054,43.01,2021-03-06,Sweden,,Plan 8
429,3,3,2,2,2,0,1,4,2,3,2,0,2420.995156798153,2315.368469670054,43.01,2021-03-07,Sweden,,Plan 8
430,3,3,2,2,2,0,1,4,2,3,2,0,2224.2046539880344,2315.368469670054,43.01,2021-03-08,Sweden,,Plan 8
431,3,3,2,2,2,0,1,4,2,3,2,0,2060.4301572412924,2315.368469670054,43.01,2021-03-09,Sweden,,Plan 8
432,3,3,2,2,2,0,1,4,2,3,2,0,1915.294140924802,2315.368469670054,43.01,2021-03-10,Sweden,,Plan 8
433,3,3,2,2,2,0,1,4,2,3,2,0,1782.8852992709185,2315.368469670054,43.01,2021-03-11,Sweden,,Plan 8
434,3,1,2,2,2,0,0,4,2,3,2,0,1686.8124584351592,2111.116917111693,33.67,2021-03-12,Sweden,,Plan 8
435,3,1,2,2,2,0,0,4,2,3,2,0,1608.9170040359695,1957.0769815277613,33.67,2021-03-13,Sweden,,Plan 8
436,3,1,2,2,2,0,0,4,2,3,2,0,1541.5958852899753,1831.44851416945,33.67,2021-03-14,Sweden,,Plan 8
437,3,1,2,2,2,0,0,4,2,3,2,0,1481.361161124912,1725.3280151890042,33.67,2021-03-15,Sweden,,Plan 8
438,3,1,2,2,2,0,0,4,2,3,2,0,1426.3814858349347,1634.7496335595245,33.67,2021-03-16,Sweden,,Plan 8
439,3,1,2,2,2,0,0,4,2,3,2,0,1375.5462708376797,1557.6427949756496,33.67,2021-03-17,Sweden,,Plan 8
440,3,1,2,2,2,0,0,4,2,3,2,0,1328.1004957805849,1492.6735373341737,33.67,2021-03-18,Sweden,,Plan 8
441,3,0,2,2,2,0,0,4,2,3,2,0,1289.8941632117603,1435.970923730831,30.0,2021-03-19,Sweden,,Plan 8
442,3,0,2,2,2,0,0,4,2,3,2,0,1257.2043747384018,1385.7262624026068,30.0,2021-03-20,Sweden,,Plan 8
443,3,0,2,2,2,0,0,4,2,3,2,0,1228.219201466204,1340.9581647134967,30.0,2021-03-21,Sweden,,Plan 8
444,3,0,2,2,2,0,0,4,2,3,2,0,1201.937033067632,1301.0404321338851,30.0,2021-03-22,Sweden,,Plan 8
445,3,0,2,2,2,0,0,4,2,3,2,0,1177.7300844046551,1265.518803358131,30.0,2021-03-23,Sweden,,Plan 8
446,3,0,2,2,2,0,0,4,2,3,2,0,1155.1650850710519,1234.0357768200413,30.0,2021-03-24,Sweden,,Plan 8
447,3,0,2,2,2,0,0,4,2,3,2,0,1133.9242409672802,1206.2963118467121,30.0,2021-03-25,Sweden,,Plan 8
448,3,0,2,2,2,0,0,4,2,3,2,0,1113.766361078315,1181.13519725622,30.0,2021-03-26,Sweden,,Plan 8
449,3,0,2,2,2,0,0,4,2,3,2,0,1094.5050386476114,1157.8924349575357,30.0,2021-03-27,Sweden,,Plan 8
450,3,0,2,2,2,0,0,4,2,3,2,0,1075.994794169866,1136.1460910580588,30.0,2021-03-28,Sweden,,Plan 8
451,3,0,2,2,2,0,0,4,2,3,2,0,1058.1214465305723,1115.6010072670501,30.0,2021-03-29,Sweden,,Plan 8
452,3,0,2,2,2,0,0,4,2,3,2,0,1040.7950450140465,1096.0388587826776,30.0,2021-03-30,Sweden,,Plan 8
453,3,0,2,2,2,0,0,4,2,3,2,0,1023.944516148406,1077.2930632222995,30.0,2021-03-31,Sweden,,Plan 8
454,3,0,2,2,2,0,0,4,2,3,2,0,1007.5135443668611,1059.2343922793827,30.0,2021-04-01,Sweden,,Plan 8
455,1,0,2,2,1,0,0,4,2,3,2,0,1007.8250821292891,1044.0999238580932,19.0,2021-04-02,Sweden,,Plan 8
456,1,0,2,2,1,0,0,4,2,3,2,0,1020.208795024846,1033.4861747691268,19.0,2021-04-03,Sweden,,Plan 8
457,1,0,2,2,1,0,0,4,2,3,2,0,1040.4151113117719,1028.4033629322562,19.0,2021-04-04,Sweden,,Plan 8
458,1,0,2,2,1,0,0,4,2,3,2,0,1066.516178812635,1029.6026104011223,19.0,2021-04-05,Sweden,,Plan 8
459,1,0,2,2,1,0,0,4,2,3,2,0,1097.5203068323647,1037.7062192323106,19.0,2021-04-06,Sweden,,Plan 8
460,1,0,2,2,1,0,0,4,2,3,2,0,1132.8434624784736,1053.2632115651775,19.0,2021-04-07,Sweden,,Plan 8
461,1,0,2,2,1,0,0,4,2,3,2,0,1172.1034506303788,1076.7760553171086,19.0,2021-04-08,Sweden,,Plan 8
462,1,0,1,1,2,0,0,4,2,3,2,0,1223.5666406136734,1107.5962779577349,14.0,2021-04-09,Sweden,,Plan 8
463,1,0,1,1,2,0,0,4,2,3,2,0,1287.5910691071813,1145.7937456837828,14.0,2021-04-10,Sweden,,Plan 8
464,1,0,1,1,2,0,0,4,2,3,2,0,1362.1086688666617,1191.749968191624,14.0,2021-04-11,Sweden,,Plan 8
465,1,0,1,1,2,0,0,4,2,3,2,0,1446.4458734485477,1246.0256388538971,14.0,2021-04-12,Sweden,,Plan 8
466,1,0,1,1,2,0,0,4,2,3,2,0,1540.4975240556973,1309.3080984572305,14.0,2021-04-13,Sweden,,Plan 8
467,1,0,1,1,2,0,0,4,2,3,2,0,1644.4245669915313,1382.3911133876675,14.0,2021-04-14,Sweden,,Plan 8
468,1,0,1,1,2,0,0,4,2,3,2,0,1758.5408898484643,1466.1678904188225,14.0,2021-04-15,Sweden,,Plan 8
469,1,0,1,1,2,0,0,4,2,3,2,0,1883.269225773112,1560.4111168701709,14.0,2021-04-16,Sweden,,Plan 8
470,1,0,1,1,2,0,0,4,2,3,2,0,2019.1224896674653,1664.9156055216397,14.0,2021-04-17,Sweden,,Plan 8
471,1,0,1,1,2,0,0,4,2,3,2,0,2166.6953552787586,1779.8565607233681,14.0,2021-04-18,Sweden,,Plan 8
472,1,0,1,1,2,0,0,4,2,3,2,0,2326.6602637927595,1905.601473629684,14.0,2021-04-19,Sweden,,Plan 8
473,1,0,1,1,2,0,0,4,2,3,2,0,2499.7656721588487,2042.6397805015627,14.0,2021-04-20,Sweden,,Plan 8
474,1,0,1,1,2,0,0,4,2,3,2,0,2686.8356256525058,2191.5556460245593,14.0,2021-04-21,Sweden,,Plan 8
475,1,0,1,1,2,0,0,4,2,3,2,0,2888.770227682722,2353.0169800008816,14.0,2021-04-22,Sweden,,Plan 8
476,1,0,1,1,2,0,0,4,2,3,2,0,3106.5467337836394,2527.770909716671,14.0,2021-04-23,Sweden,,Plan 8
477,1,0,1,1,2,0,0,4,2,3,2,0,3341.2211184540697,2716.642142400472,14.0,2021-04-24,Sweden,,Plan 8
478,1,0,1,1,2,0,0,4,2,3,2,0,3593.9299852249756,2920.5328038213597,14.0,2021-04-25,Sweden,,Plan 8
479,1,0,1,1,2,0,0,4,2,3,2,0,3865.8927066351766,3140.4231527988486,14.0,2021-04-26,Sweden,,Plan 8
480,1,0,1,1,2,0,0,4,2,3,2,0,4158.413701358394,3377.3728712559264,14.0,2021-04-27,Sweden,,Plan 8
481,1,0,1,1,2,0,0,4,2,3,2,0,4472.884771809922,3632.522749278414,14.0,2021-04-28,Sweden,,Plan 8
482,1,0,1,1,2,0,0,4,2,3,2,0,4810.787383952735,3907.0966287455585,14.0,2021-04-29,Sweden,,Plan 8
483,1,0,1,1,2,0,0,4,2,3,2,0,5173.6948029975165,4202.403495776112,14.0,2021-04-30,Sweden,,Plan 8
484,1,0,1,1,2,0,0,4,2,3,2,0,5563.27398194376,4519.8396191317825,14.0,2021-05-01,Sweden,,Plan 8
485,1,0,1,1,2,0,0,4,2,3,2,0,5981.287092704341,4860.890634485978,14.0,2021-05-02,Sweden,,Plan 8
486,1,0,1,1,2,0,0,4,2,3,2,0,6429.592575532782,5227.133472899921,14.0,2021-05-03,Sweden,,Plan 8
487,1,0,1,1,2,0,0,4,2,3,2,0,6910.1455220119815,5620.238018707577,14.0,2021-05-04,Sweden,,Plan 8
488,3,2,2,2,2,0,1,4,2,3,2,0,3169.9474495902696,2472.105189486653,39.34,2021-03-05,Sweden,,Plan 9
489,3,2,2,2,2,0,1,4,2,3,2,0,2786.06266212391,2472.105189486653,39.34,2021-03-06,Sweden,,Plan 9
490,3,2,2,2,2,0,1,4,2,3,2,0,2557.3255026922902,2472.105189486653,39.34,2021-03-07,Sweden,,Plan 9
491,3,2,2,2,2,0,1,4,2,3,2,0,2391.535428110949,2472.105189486653,39.34,2021-03-08,Sweden,,Plan 9
492,3,2,2,2,2,0,1,4,2,3,2,0,2253.6505609656488,2472.105189486653,39.34,2021-03-09,Sweden,,Plan 9
493,3,2,2,2,2,0,1,4,2,3,2,0,2130.226990193315,2472.105189486653,39.34,2021-03-10,Sweden,,Plan 9
494,3,2,2,2,2,0,1,4,2,3,2,0,2015.9877327301901,2472.105189486653,39.34,2021-03-11,Sweden,,Plan 9
495,3,0,2,2,2,0,1,4,2,3,2,0,1931.6834735056361,2295.210335760277,32.0,2021-03-12,Sweden,,Plan 9
496,3,0,2,2,2,0,1,4,2,3,2,0,1862.3949309901182,2163.257802741164,32.0,2021-03-13,Sweden,,Plan 9
497,3,0,2,2,2,0,1,4,2,3,2,0,1801.8761054495799,2055.3364602779197,32.0,2021-03-14,Sweden,,Plan 9
498,3,0,2,2,2,0,1,4,2,3,2,0,1747.2426716286761,1963.2946379233092,32.0,2021-03-15,Sweden,,Plan 9
499,3,0,2,2,2,0,1,4,2,3,2,0,1696.9650533163058,1883.768136830546,32.0,2021-03-16,Sweden,,Plan 9
500,3,0,2,2,2,0,1,4,2,3,2,0,1650.1074016295124,1815.1796241785742,32.0,2021-03-17,Sweden,,Plan 9
501,3,0,2,2,2,0,1,4,2,3,2,0,1606.0301261953166,1756.614251816449,32.0,2021-03-18,Sweden,,Plan 9
502,2,0,1,0,2,0,0,4,2,3,2,0,1602.1155977448827,1709.5331267077704,16.5,2021-03-19,Sweden,,Plan 9
503,2,0,1,0,2,0,0,4,2,3,2,0,1625.9977816921783,1675.7621053794933,16.5,2021-03-20,Sweden,,Plan 9
504,2,0,1,0,2,0,0,4,2,3,2,0,1667.376085921201,1656.5478168754391,16.5,2021-03-21,Sweden,,Plan 9
505,2,0,1,0,2,0,0,4,2,3,2,0,1721.921919314647,1652.9305665448633,16.5,2021-03-22,Sweden,,Plan 9
506,2,0,1,0,2,0,0,4,2,3,2,0,1787.6285026199155,1665.8824878739506,16.5,2021-03-23,Sweden,,Plan 9
507,2,0,1,0,2,0,0,4,2,3,2,0,1863.447877090352,1696.3596986540704,16.5,2021-03-24,Sweden,,Plan 9
508,2,0,1,0,2,0,0,4,2,3,2,0,1948.7801975105526,1745.323994556247,16.5,2021-03-25,Sweden,,Plan 9
509,1,0,2,2,1,0,0,4,2,3,2,0,2037.1118381639994,1807.4663146161208,19.0,2021-03-26,Sweden,,Plan 9
510,1,0,2,2,1,0,0,4,2,3,2,0,2127.5954959847604,1879.1231309436323,19.0,2021-03-27,Sweden,,Plan 9
511,1,0,2,2,1,0,0,4,2,3,2,0,2221.5924269832685,1958.2968939524992,19.0,2021-03-28,Sweden,,Plan 9
512,1,0,2,2,1,0,0,4,2,3,2,0,2319.660384143939,2043.6881032138267,19.0,2021-03-29,Sweden,,Plan 9
513,1,0,2,2,1,0,0,4,2,3,2,0,2422.0815282230005,2134.3242497285532,19.0,2021-03-30,Sweden,,Plan 9
514,1,0,2,2,1,0,0,4,2,3,2,0,2529.047768493474,2229.4099485004276,19.0,2021-03-31,Sweden,,Plan 9
515,1,0,2,2,1,0,0,4,2,3,2,0,2640.7254286243033,2328.2592672309634,19.0,2021-04-01,Sweden,,Plan 9
516,1,0,2,2,1,0,0,4,2,3,2,0,2757.2775312140234,2431.140080523824,19.0,2021-04-02,Sweden,,Plan 9
517,1,0,2,2,1,0,0,4,2,3,2,0,2878.8711928965326,2538.465180082649,19.0,2021-04-03,Sweden,,Plan 9
518,1,0,2,2,1,0,0,4,2,3,2,0,3005.6798815677867,2650.477673594723,19.0,2021-04-04,Sweden,,Plan 9
519,1,0,2,2,1,0,0,4,2,3,2,0,3137.8838833797686,2767.366744914127,19.0,2021-04-05,Sweden,,Plan 9
520,1,0,2,2,1,0,0,4,2,3,2,0,3275.670210101005,2889.3079851824136,19.0,2021-04-06,Sweden,,Plan 9
521,1,0,2,2,1,0,0,4,2,3,2,0,3419.232209905171,3016.47719109837,19.0,2021-04-07,Sweden,,Plan 9
522,1,0,2,2,1,0,0,4,2,3,2,0,3568.769277843567,3149.0548838439795,19.0,2021-04-08,Sweden,,Plan 9
523,2,0,1,0,2,0,0,4,2,3,2,0,3735.5993535150947,3288.815144172703,16.5,2021-04-09,Sweden,,Plan 9
524,2,0,1,0,2,0,0,4,2,3,2,0,3921.1861920329293,3437.717286906475,16.5,2021-04-10,Sweden,,Plan 9
525,2,0,1,0,2,0,0,4,2,3,2,0,4123.156401595559,3597.3567897675853,16.5,2021-04-11,Sweden,,Plan 9
526,2,0,1,0,2,0,0,4,2,3,2,0,4340.745528274654,3769.1941676097117,16.5,2021-04-12,Sweden,,Plan 9
527,2,0,1,0,2,0,0,4,2,3,2,0,4573.824117863182,3954.644725861451,16.5,2021-04-13,Sweden,,Plan 9
528,2,0,1,0,2,0,0,4,2,3,2,0,4822.5450649534,4155.117990868342,16.5,2021-04-14,Sweden,,Plan 9
529,2,0,1,0,2,0,0,4,2,3,2,0,5087.211576165798,4372.038319200088,16.5,2021-04-15,Sweden,,Plan 9
530,1,0,1,1,2,0,0,4,2,3,2,0,5387.439883586995,4608.015537781788,14.0,2021-04-16,Sweden,,Plan 9
531,1,0,1,1,2,0,0,4,2,3,2,0,5726.914132882538,4865.9766721888745,14.0,2021-04-17,Sweden,,Plan 9
532,1,0,1,1,2,0,0,4,2,3,2,0,6102.306724437227,5148.712432594827,14.0,2021-04-18,Sweden,,Plan 9
533,1,0,1,1,2,0,0,4,2,3,2,0,6513.137784080466,5459.054183424229,14.0,2021-04-19,Sweden,,Plan 9
534,1,0,1,1,2,0,0,4,2,3,2,0,6960.0738265654945,5799.946998953131,14.0,2021-04-20,Sweden,,Plan 9
535,1,0,1,1,2,0,0,4,2,3,2,0,7444.315075284473,6174.48557185757,14.0,2021-04-21,Sweden,,Plan 9
536,1,0,1,1,2,0,0,4,2,3,2,0,7967.367157065252,6585.93636912892,14.0,2021-04-22,Sweden,,Plan 9
537,2,0,2,2,0,0,0,4,2,3,2,0,8446.797245638592,7022.987420850577,23.0,2021-04-23,Sweden,,Plan 9
538,2,0,2,2,0,0,0,4,2,3,2,0,8863.952234702652,7471.135721110594,23.0,2021-04-24,Sweden,,Plan 9
539,2,0,2,2,0,0,0,4,2,3,2,0,9238.717442618243,7919.194395136453,23.0,2021-04-25,Sweden,,Plan 9
540,2,0,2,2,0,0,0,4,2,3,2,0,9581.0517099558,8357.467813118643,23.0,2021-04-26,Sweden,,Plan 9
541,2,0,2,2,0,0,0,4,2,3,2,0,9897.168206001157,8777.052724466595,23.0,2021-04-27,Sweden,,Plan 9
542,2,0,2,2,0,0,0,4,2,3,2,0,10191.624763096772,9169.52553701121,23.0,2021-04-28,Sweden,,Plan 9
543,2,0,2,2,0,0,0,4,2,3,2,0,10468.050841170078,9526.7660633119,23.0,2021-04-29,Sweden,,Plan 9
544,2,0,2,2,0,0,0,4,2,3,2,0,10729.424788019616,9852.855712223474,23.0,2021-04-30,Sweden,,Plan 9
545,2,0,2,2,0,0,0,4,2,3,2,0,10978.204130838967,10154.891697385803,23.0,2021-05-01,Sweden,,Plan 9
546,2,0,2,2,0,0,0,4,2,3,2,0,11216.40840882793,10437.418978272904,23.0,2021-05-02,Sweden,,Plan 9
547,2,0,2,2,0,0,0,4,2,3,2,0,11445.683804694865,10703.794991807054,23.0,2021-05-03,Sweden,,Plan 9
548,2,0,2,2,0,0,0,4,2,3,2,0,11667.358834866742,10956.679367359282,23.0,2021-05-04,Sweden,,Plan 9
549,3,3,2,4,2,3,1,4,2,3,2,2,2928.8645538281503,1823.8439525118613,62.01,2021-03-05,Sweden,,Plan 10
550,3,3,2,4,2,3,1,4,2,3,2,2,2347.515312142194,1823.8439525118613,62.01,2021-03-06,Sweden,,Plan 10
551,3,3,2,4,2,3,1,4,2,3,2,2,1966.4287837427644,1823.8439525118613,62.01,2021-03-07,Sweden,,Plan 10
552,3,3,2,4,2,3,1,4,2,3,2,2,1684.7852738783026,1823.8439525118613,62.01,2021-03-08,Sweden,,Plan 10
553,3,3,2,4,2,3,1,4,2,3,2,2,1459.3959550692223,1823.8439525118613,62.01,2021-03-09,Sweden,,Plan 10
554,3,3,2,4,2,3,1,4,2,3,2,2,1270.745080265906,1823.8439525118613,62.01,2021-03-10,Sweden,,Plan 10
555,3,3,2,4,2,3,1,4,2,3,2,2,1109.1727086564895,1823.8439525118613,62.01,2021-03-11,Sweden,,Plan 10
556,3,3,2,4,2,3,1,4,2,3,2,2,969.2361178771782,1543.8970330902937,62.01,2021-03-12,Sweden,,Plan 10
557,3,3,2,4,2,3,1,4,2,3,2,2,847.3943350871865,1329.5940363681498,62.01,2021-03-13,Sweden,,Plan 10
558,3,3,2,4,2,3,1,4,2,3,2,2,741.0446523224882,1154.5391604509675,62.01,2021-03-14,Sweden,,Plan 10
559,3,3,2,4,2,3,1,4,2,3,2,2,648.1108040098283,1006.4428076126142,62.01,2021-03-15,Sweden,,Plan 10
560,3,3,2,4,2,3,1,4,2,3,2,2,566.8576909399354,878.9373413084303,62.01,2021-03-16,Sweden,,Plan 10
561,3,3,2,4,2,3,1,4,2,3,2,2,495.8002741569497,768.2309404357222,62.01,2021-03-17,Sweden,,Plan 10
562,3,3,2,4,2,3,1,4,2,3,2,2,433.652674659984,671.7280784362214,62.01,2021-03-18,Sweden,,Plan 10
563,3,3,2,3,2,0,1,4,2,3,2,1,386.00247076980247,588.4089859923106,46.51,2021-03-19,Sweden,,Plan 10
564,3,3,2,3,2,0,1,4,2,3,2,1,347.0264363069355,516.927857595132,46.51,2021-03-20,Sweden,,Plan 10
565,3,3,2,3,2,0,1,4,2,3,2,1,313.87733293058056,455.9039548248594,46.51,2021-03-21,Sweden,,Plan 10
566,3,3,2,3,2,0,1,4,2,3,2,1,285.0299856906027,404.0352664935414,46.51,2021-03-22,Sweden,,Plan 10
567,3,3,2,3,2,0,1,4,2,3,2,1,259.57098662602687,360.13716587726884,46.51,2021-03-23,Sweden,,Plan 10
568,3,3,2,3,2,0,1,4,2,3,2,1,236.8924672973124,323.15033632589206,46.51,2021-03-24,Sweden,,Plan 10
569,3,3,2,3,2,0,1,4,2,3,2,1,216.55567987083433,292.1364799274421,46.51,2021-03-25,Sweden,,Plan 10
570,3,0,2,2,2,0,0,4,2,3,2,0,202.898171902577,265.9787229464099,30.0,2021-03-26,Sweden,,Plan 10
571,3,0,2,2,2,0,0,4,2,3,2,0,192.7698425065147,243.94206668920694,30.0,2021-03-27,Sweden,,Plan 10
572,3,0,2,2,2,0,0,4,2,3,2,0,184.73871741387666,225.4936930439635,30.0,2021-03-28,Sweden,,Plan 10
573,3,0,2,2,2,0,0,4,2,3,2,0,178.09868943581648,210.21779357899408,30.0,2021-03-29,Sweden,,Plan 10
574,3,0,2,2,2,0,0,4,2,3,2,0,172.45777230391005,197.77304867583453,30.0,2021-03-30,Sweden,,Plan 10
575,3,0,2,2,2,0,0,4,2,3,2,0,167.56995068530742,187.8698320169767,30.0,2021-03-31,Sweden,,Plan 10
576,3,0,2,2,2,0,0,4,2,3,2,0,163.26534606014974,180.25692718687884,30.0,2021-04-01,Sweden,,Plan 10
577,3,0,2,2,0,0,0,4,2,3,2,0,159.9897903487778,174.127158393479,28.0,2021-04-02,Sweden,,Plan 10
578,3,0,2,2,0,0,0,4,2,3,2,0,157.37229177611457,169.07036543199325,28.0,2021-04-03,Sweden,,Plan 10
579,3,0,2,2,0,0,0,4,2,3,2,0,155.21669834377914,164.85293413626502,28.0,2021-04-04,Sweden,,Plan 10
580,3,0,2,2,0,0,0,4,2,3,2,0,153.40480249611508,161.32523600202197,28.0,2021-04-05,Sweden,,Plan 10
581,3,0,2,2,0,0,0,4,2,3,2,0,151.85706381112624,158.38227764591002,28.0,2021-04-06,Sweden,,Plan 10
582,3,0,2,2,0,0,0,4,2,3,2,0,150.51583390407666,155.9459752485913,28.0,2021-04-07,Sweden,,Plan 10
583,3,0,2,2,0,0,0,4,2,3,2,0,149.33749697137876,153.95628252162402,28.0,2021-04-08,Sweden,,Plan 10
584,1,0,2,2,1,0,0,4,2,3,2,0,150.1869493969344,152.5558766713607,19.0,2021-04-09,Sweden,,Plan 10
585,1,0,2,2,1,0,0,4,2,3,2,0,152.62264471230554,151.8773556622451,19.0,2021-04-10,Sweden,,Plan 10
586,1,0,2,2,1,0,0,4,2,3,2,0,156.12211141278502,152.0067003863888,19.0,2021-04-11,Sweden,,Plan 10
587,1,0,2,2,1,0,0,4,2,3,2,0,160.44671684373648,153.01268815033472,19.0,2021-04-12,Sweden,,Plan 10
588,1,0,2,2,1,0,0,4,2,3,2,0,165.47273891306565,154.95778459346894,19.0,2021-04-13,Sweden,,Plan 10
589,1,0,2,2,1,0,0,4,2,3,2,0,171.12716615923372,157.90226062991994,19.0,2021-04-14,Sweden,,Plan 10
590,1,0,2,2,1,0,0,4,2,3,2,0,177.36264996468287,161.90585391467766,19.0,2021-04-15,Sweden,,Plan 10
591,1,0,1,1,2,0,0,4,2,3,2,0,185.43752565756984,166.9416505233399,14.0,2021-04-16,Sweden,,Plan 10
592,1,0,1,1,2,0,0,4,2,3,2,0,195.42080101377945,173.05567285212186,14.0,2021-04-17,Sweden,,Plan 10
593,1,0,1,1,2,0,0,4,2,3,2,0,207.01117189336776,180.32553863506226,14.0,2021-04-18,Sweden,,Plan 10
594,1,0,1,1,2,0,0,4,2,3,2,0,220.11619496404407,188.8497497951062,14.0,2021-04-19,Sweden,,Plan 10
595,1,0,1,1,2,0,0,4,2,3,2,0,234.72880268807384,198.74347319153594,14.0,2021-04-20,Sweden,,Plan 10
596,1,0,1,1,2,0,0,4,2,3,2,0,250.88232396039803,210.13706716313087,14.0,2021-04-21,Sweden,,Plan 10
597,1,0,1,1,2,0,0,4,2,3,2,0,268.6337963762576,223.17580236478437,14.0,2021-04-22,Sweden,,Plan 10
598,1,0,1,1,2,0,0,4,2,3,2,0,288.05759921975556,237.835812873668,14.0,2021-04-23,Sweden,,Plan 10
599,1,0,1,1,2,0,0,4,2,3,2,0,309.24289243618375,254.09611164829724,14.0,2021-04-24,Sweden,,Plan 10
600,1,0,1,1,2,0,0,4,2,3,2,0,332.29259977878627,271.99345848907126,14.0,2021-04-25,Sweden,,Plan 10
601,1,0,1,1,2,0,0,4,2,3,2,0,357.32307609106033,291.59444150721646,14.0,2021-04-26,Sweden,,Plan 10
602,1,0,1,1,2,0,0,4,2,3,2,0,384.4641379951691,312.98520369394436,14.0,2021-04-27,Sweden,,Plan 10
603,1,0,1,1,2,0,0,4,2,3,2,0,413.8593281369551,336.26763286202396,14.0,2021-04-28,Sweden,,Plan 10
604,1,0,1,1,2,0,0,4,2,3,2,0,445.6663560834598,361.55799853448144,14.0,2021-04-29,Sweden,,Plan 10
605,1,0,1,1,2,0,0,4,2,3,2,0,480.0576824391808,388.9865818515422,14.0,2021-04-30,Sweden,,Plan 10
606,1,0,1,1,2,0,0,4,2,3,2,0,517.2212318302783,418.6977731935557,14.0,2021-05-01,Sweden,,Plan 10
607,1,0,1,1,2,0,0,4,2,3,2,0,557.3612242206668,450.85043382811006,14.0,2021-05-02,Sweden,,Plan 10
608,1,0,1,1,2,0,0,4,2,3,2,0,600.6991177730058,485.61843978267365,14.0,2021-05-03,Sweden,,Plan 10
609,1,0,1,1,2,0,0,4,2,3,2,0,647.474660571261,523.1913715792582,14.0,2021-05-04,Sweden,,Plan 10
610,2,2,2,4,1,1,1,3,2,2,1,2,3401.132469056502,3248.914250864427,43.84,2021-03-05,Sweden,,Implemented plan
611,2,2,2,4,1,1,1,3,2,2,1,2,3225.8746529143496,3248.914250864427,43.84,2021-03-06,Sweden,,Implemented plan
612,2,2,2,4,1,1,1,3,2,2,1,2,3184.7817128644506,3248.914250864427,43.84,2021-03-07,Sweden,,Implemented plan
613,2,2,2,4,1,1,1,3,2,2,1,2,3191.583433546937,3248.914250864427,43.84,2021-03-08,Sweden,,Implemented plan
614,2,2,2,4,1,1,1,3,2,2,1,2,3215.514018441165,3248.914250864427,43.84,2021-03-09,Sweden,,Implemented plan
615,2,2,2,4,1,1,1,3,2,2,1,2,3245.5978431893905,3248.914250864427,43.84,2021-03-10,Sweden,,Implemented plan
616,2,2,2,4,1,1,1,3,2,2,1,2,3277.915626038194,3248.914250864427,43.84,2021-03-11,Sweden,,Implemented plan
617,2,2,2,4,1,1,1,3,2,2,1,2,3311.0643371823408,3236.047374882404,43.84,2021-03-12,Sweden,,Implemented plan
618,2,2,2,4,1,1,1,3,2,2,1,2,3344.5381595819413,3252.9993044063453,43.84,2021-03-13,Sweden,,Implemented plan
619,2,2,2,4,1,1,1,3,2,2,1,2,3378.1511448570527,3280.6235089767174,43.84,2021-03-14,Sweden,,Implemented plan
620,2,2,2,4,1,1,1,3,2,2,1,2,3411.831350614565,3312.087497129236,43.84,2021-03-15,Sweden,,Implemented plan
621,2,2,2,4,1,1,1,3,2,2,1,2,3445.547345524643,3344.949400998304,43.84,2021-03-16,Sweden,,Implemented plan
622,2,2,2,4,1,1,1,3,2,2,1,2,3479.2820334265907,3378.332856746475,43.84,2021-03-17,Sweden,,Implemented plan
623,2,2,2,4,1,1,1,3,2,2,1,2,3513.023348312772,3411.9196742142726,43.84,2021-03-18,Sweden,,Implemented plan
624,2,2,2,4,1,1,1,3,2,2,1,2,3546.7608833116055,3445.5906093755952,43.84,2021-03-19,Sweden,,Implemented plan
625,2,2,2,4,1,1,1,3,2,2,1,2,3580.4847091287497,3479.2972593108543,43.84,2021-03-20,Sweden,,Implemented plan
626,2,2,2,4,1,1,1,3,2,2,1,2,3614.184955215784,3513.0163750763872,43.84,2021-03-21,Sweden,,Implemented plan
627,2,2,2,4,1,1,1,3,2,2,1,2,3647.8516621035424,3546.7335624319553,43.84,2021-03-22,Sweden,,Implemented plan
628,2,2,2,4,1,1,1,3,2,2,1,2,3681.4747310554667,3580.437474650644,43.84,2021-03-23,Sweden,,Implemented plan
629,2,2,2,4,1,1,1,3,2,2,1,2,3715.043908563149,3614.117742527296,43.84,2021-03-24,Sweden,,Implemented plan
630,2,2,2,4,1,1,1,3,2,2,1,2,3748.5487834997202,3647.764233268288,43.84,2021-03-25,Sweden,,Implemented plan
631,2,2,2,4,1,1,1,3,2,2,1,2,3781.9787889194786,3681.36679121227,43.84,2021-03-26,Sweden,,Implemented plan
632,2,2,2,4,1,1,1,3,2,2,1,2,3815.3232056942547,3714.915147864485,43.84,2021-03-27,Sweden,,Implemented plan
633,2,2,2,4,1,1,1,3,2,2,1,2,3848.5711669957345,3748.398892404478,43.84,2021-03-28,Sweden,,Implemented plan
634,2,2,2,4,1,1,1,3,2,2,1,2,3881.7116632228754,3781.807463992954,43.84,2021-03-29,Sweden,,Implemented plan
635,2,2,2,4,1,1,1,3,2,2,1,2,3914.733547151546,3815.13015200668,43.84,2021-03-30,Sweden,,Implemented plan
636,2,2,2,4,1,1,1,3,2,2,1,2,3947.625539952131,3848.356099347963,43.84,2021-03-31,Sweden,,Implemented plan
637,1,2,2,4,1,1,1,3,2,2,1,2,4004.5767441034304,3884.93152229135,38.84,2021-04-01,Sweden,,Implemented plan
638,1,2,2,4,1,1,1,3,2,2,1,2,4084.45402128934,3928.142269772759,38.84,2021-04-02,Sweden,,Implemented plan
639,1,2,2,4,1,1,1,3,2,2,1,2,4179.978086907226,3980.2358242317546,38.84,2021-04-03,Sweden,,Implemented plan
640,1,2,2,4,1,1,1,3,2,2,1,2,4287.743280123268,4042.974697535688,38.84,2021-04-04,Sweden,,Implemented plan
641,1,2,2,4,1,1,1,3,2,2,1,2,4405.897341225599,4117.858365821791,38.84,2021-04-05,Sweden,,Implemented plan
642,1,2,2,4,1,1,1,3,2,2,1,2,4533.274190134989,4206.221314819426,38.84,2021-04-06,Sweden,,Implemented plan
643,1,2,2,4,1,1,1,3,2,2,1,2,4669.057422297111,4309.28301229728,38.84,2021-04-07,Sweden,,Implemented plan
644,1,2,2,4,1,1,1,3,2,2,1,2,4812.639148584219,4424.720498651679,38.84,2021-04-08,Sweden,,Implemented plan
645,1,2,2,4,1,1,1,3,2,2,1,2,4963.5533434228155,4550.306116099318,38.84,2021-04-09,Sweden,,Implemented plan
646,1,2,2,4,1,1,1,3,2,2,1,2,5121.438868740305,4684.800513504044,38.84,2021-04-10,Sweden,,Implemented plan
647,1,2,2,4,1,1,1,3,2,2,1,2,5286.015692507564,4827.410858130372,38.84,2021-04-11,Sweden,,Implemented plan
648,1,2,2,4,1,1,1,3,2,2,1,2,5457.067855955657,4977.57807452038,38.84,2021-04-12,Sweden,,Implemented plan
649,1,2,2,4,1,1,1,3,2,2,1,2,5634.430402689558,5134.886104885319,38.84,2021-04-13,Sweden,,Implemented plan
650,1,2,2,4,1,1,1,3,2,2,1,2,5817.979005174965,5299.017759582154,38.84,2021-04-14,Sweden,,Implemented plan
651,1,2,2,4,1,1,1,3,2,2,1,2,6007.621536384066,5469.729529267847,38.84,2021-04-15,Sweden,,Implemented plan
652,1,2,2,4,1,1,1,3,2,2,1,2,6203.291124377494,5646.834926547088,38.84,2021-04-16,Sweden,,Implemented plan
653,1,2,2,4,1,1,1,3,2,2,1,2,6404.94040031648,5830.192288200827,38.84,2021-04-17,Sweden,,Implemented plan
654,1,2,2,4,1,1,1,3,2,2,1,2,6612.536667590399,6019.695284641231,38.84,2021-04-18,Sweden,,Implemented plan
655,1,2,2,4,1,1,1,3,2,2,1,2,6826.057798905491,6215.265276491207,38.84,2021-04-19,Sweden,,Implemented plan
656,1,2,2,4,1,1,1,3,2,2,1,2,7045.488740943463,6416.845039098908,38.84,2021-04-20,Sweden,,Implemented plan
657,1,2,2,4,1,1,1,3,2,2,1,2,7270.818532906106,6624.3935430605,38.84,2021-04-21,Sweden,,Implemented plan
658,1,2,2,4,1,1,1,3,2,2,1,2,7502.037686857213,6837.881564556664,38.84,2021-04-22,Sweden,,Implemented plan
659,1,2,2,4,1,1,1,3,2,2,1,2,7739.1358938632275,7057.287960197483,38.84,2021-04-23,Sweden,,Implemented plan
660,1,2,2,4,1,1,1,3,2,2,1,2,7982.099994709244,7282.5964736821625,38.84,2021-04-24,Sweden,,Implemented plan
661,1,2,2,4,1,1,1,3,2,2,1,2,8230.912155961,7513.792972020821,38.84,2021-04-25,Sweden,,Implemented plan
662,1,2,2,4,1,1,1,3,2,2,1,2,8485.548221212277,7750.863032350361,38.84,2021-04-26,Sweden,,Implemented plan
663,1,2,2,4,1,1,1,3,2,2,1,2,8745.976221266355,7993.789815253632,38.84,2021-04-27,Sweden,,Implemented plan
664,1,2,2,4,1,1,1,3,2,2,1,2,9012.154964568786,8242.552162634014,38.84,2021-04-28,Sweden,,Implemented plan
665,1,2,2,4,1,1,1,3,2,2,1,2,9284.032747216766,8497.122885542523,38.84,2021-04-29,Sweden,,Implemented plan
666,1,2,2,4,1,1,1,3,2,2,1,2,9561.546142367488,8757.467206757417,38.84,2021-04-30,Sweden,,Implemented plan
667,1,2,2,4,1,1,1,3,2,2,1,2,9844.61885903019,9023.541330231837,38.84,2021-05-01,Sweden,,Implemented plan
668,1,2,2,4,1,1,1,3,2,2,1,2,10133.160652179438,9295.2911154059,38.84,2021-05-02,Sweden,,Implemented plan
669,1,2,2,4,1,1,1,3,2,2,1,2,10427.066290725104,9572.650839622018,38.84,2021-05-03,Sweden,,Implemented plan
670,1,2,2,4,1,1,1,3,2,2,1,2,10726.214581473809,9855.542033937369,38.84,2021-05-04,Sweden,,Implemented plan
